id,registrationPlate,model,personCapacity,brand,batteryLife
1,695369366-5,Impreza,8,Subaru,5192.14
2,365278414-6,B-Series,5,Mazda,5292.62
3,806141561-5,Mariner,5,Mercury,1554.13
4,685448923-7,Mountaineer,7,Mercury,5293.43
5,304714727-2,Esteem,2,Suzuki,5264.9
6,357717762-4,Ram 2500,7,Dodge,3395.93
7,685467174-4,Gran Sport,2,Maserati,1715.43
8,008365322-8,Mazdaspeed 3,2,Mazda,8580.84
9,610741722-2,V8,9,Audi,1024.44
10,788524861-5,F-Series,6,Ford,8506.97
11,544303704-8,Cabriolet,5,Volkswagen,8105.21
12,010740067-7,Murciélago,6,Lamborghini,8338.77
13,642388526-5,Explorer,4,Ford,3911.24
14,647136391-5,944,3,Porsche,4928.96
15,295169429-6,Cherokee,6,Jeep,9819.15
16,000753876-6,Sorento,1,Kia,1328.06
17,191536962-2,Kizashi,7,Suzuki,5285.42
18,806221744-2,Sebring,7,Chrysler,3977.93
19,853546813-7,Grand Prix,9,Pontiac,1834.05
20,268623481-4,V70,9,Volvo,6424.86
21,026481216-6,NSX,1,Acura,8399.36
22,993924914-4,Sonata,4,Hyundai,5339.67
23,411334350-0,xB,8,Scion,9617.29
24,747989429-5,Chariot,8,Mitsubishi,5813.49
25,161860346-9,G-Series 2500,9,Chevrolet,5534.13
26,244548122-8,Mazdaspeed 3,1,Mazda,4049.65
27,154806051-8,Malibu,4,Chevrolet,3977.2
28,190496212-2,Suburban 2500,6,GMC,6934.3
29,061492040-X,Continental GT,9,Bentley,1679.39
30,353362873-6,QX,3,Infiniti,3837.16
31,239122228-9,riolet,8,Audi,9974.06
32,479551361-9,Bonneville,8,Pontiac,5880.27
33,294434506-0,Rodeo,3,Isuzu,8795.59
34,876856994-7,Routan,2,Volkswagen,5691.31
35,128270644-6,Contour,6,Ford,1254.29
36,454655334-X,G-Class,4,Mercedes-Benz,1430.43
37,231987645-6,Rodeo,7,Isuzu,6403.04
38,165724256-0,Wrangler,1,Jeep,3094.69
39,737983163-1,Corvette,6,Chevrolet,7914.94
40,423339404-8,Venture,7,Chevrolet,9188.36
41,966418813-1,GTI,4,Volkswagen,8369.42
42,360278981-0,Civic,4,Honda,1866.89
43,652626735-1,Sportage,6,Kia,8633.37
44,755439873-3,Voyager,8,Chrysler,6043.98
45,748832163-4,Seville,6,Cadillac,7574.01
46,754741340-4,XJ Series,6,Jaguar,2726.24
47,159372624-4,928,9,Porsche,4261.09
48,955761195-2,S40,5,Volvo,8733.72
49,371236004-5,Grand Caravan,6,Dodge,9877.37
50,861977633-9,E250,8,Ford,6493.24
51,236610855-9,Sonoma Club Coupe,3,GMC,9005.74
52,337136962-5,Cougar,3,Mercury,9455.4
53,536659478-2,Expedition,7,Ford,6851.55
54,462867504-X,MX-5,9,Mazda,2258.43
55,394851449-6,Bronco,2,Ford,2711.55
56,164807231-3,Silverado 3500,3,Chevrolet,7169.67
57,898630214-4,Savana 2500,3,GMC,8957.04
58,971301206-2,X5,1,BMW,6236.79
59,138320563-9,Previa,2,Toyota,4022.17
60,767781956-7,Swift,7,Suzuki,4920.7
61,147993564-6,530,8,BMW,3729.06
62,268127180-0,Bravada,9,Oldsmobile,3812.16
63,585193169-8,Expedition,7,Ford,2215.83
64,061278669-2,HHR,8,Chevrolet,6222.42
65,713448431-9,Probe,2,Ford,2729.38
66,757658107-7,Camaro,5,Chevrolet,3832.26
67,035154083-0,LeMans,4,Pontiac,6239.05
68,020521908-X,Boxster,2,Porsche,5533.42
69,714158191-X,Monte Carlo,9,Chevrolet,4566.51
70,415179000-4,Camry,3,Toyota,2215.04
71,852032464-9,Rio,4,Kia,7881.56
72,399771215-8,Prius,3,Toyota,1221.19
73,181550614-8,Escape,7,Ford,2516.55
74,174027321-4,Supra,3,Toyota,6108.13
75,518405588-6,V90,3,Volvo,9907.61
76,586225557-5,MDX,1,Acura,6192.86
77,843667521-5,Galant,4,Mitsubishi,2238.21
78,694263244-9,Ram Wagon B150,8,Dodge,2300.87
79,632888333-1,Dakota,2,Dodge,5827.68
80,616247409-7,XK,3,Jaguar,5955.03
81,055872252-0,A4,9,Audi,3173.83
82,207178258-5,6 Series,1,BMW,4500.71
83,941308449-1,Econoline E250,7,Ford,6618.08
84,124633503-4,Sedona,4,Kia,9749.58
85,270559358-6,Tribeca,7,Subaru,7964.1
86,276506551-9,SL-Class,3,Mercedes-Benz,8929.64
87,262793415-5,Express 1500,3,Chevrolet,4171.32
88,099779626-X,Avalanche,7,Chevrolet,4312.43
89,301024670-6,Jimmy,7,GMC,8494.94
90,119767977-4,Cobalt,9,Chevrolet,8027.32
91,052733274-7,Wrangler,2,Jeep,3483.4
92,885880267-5,626,8,Mazda,9784.78
93,789460921-8,Jetta,2,Volkswagen,6492.43
94,608856176-9,3 Series,4,BMW,5756.93
95,851298472-4,Cooper Countryman,3,MINI,3939.91
96,815218081-5,Vandura 2500,6,GMC,6561.5
97,176892745-6,Type 2,2,Volkswagen,8862.3
98,276735832-7,Montego,8,Mercury,8485.03
99,664132826-0,Topaz,4,Mercury,4379.88
100,759093631-6,G-Class,8,Mercedes-Benz,6802.44
101,786533807-4,Riviera,5,Buick,5839.57
102,173158971-9,Marauder,7,Mercury,1886.55
103,489248639-6,Camry,2,Toyota,1466.67
104,325204164-2,Laser,3,Ford,6862.78
105,370919601-9,Seville,1,Cadillac,7495.99
106,544342973-6,DB9,2,Aston Martin,7086.04
107,413292800-4,Mustang,1,Ford,7848.08
108,714799754-9,Patriot,4,Jeep,7772.52
109,301278471-3,Prius,9,Toyota,4120.02
110,852337830-8,Accord,7,Honda,9365.55
111,387217802-4,Vandura G2500,2,GMC,5551.09
112,269489692-8,Escape,9,Ford,9865.41
113,459349617-9,D350,9,Dodge,7216.5
114,516285823-4,Ram Van 3500,3,Dodge,2599.87
115,633114992-9,Daytona,8,Dodge,9009.11
116,510658764-6,7 Series,8,BMW,7448.85
117,957362552-0,Raider,1,Mitsubishi,1360.62
118,979440239-7,MDX,6,Acura,2668.23
119,117077229-3,SX4,5,Suzuki,2967.44
120,346103640-4,Taurus,2,Ford,1574.71
121,891588195-8,Corrado,6,Volkswagen,3742.17
122,475266021-0,Tacoma,3,Toyota,5492.46
123,611282540-6,Yukon XL 2500,9,GMC,1130.18
124,288086444-5,Quest,4,Nissan,7201.95
125,322697901-9,Escort,9,Ford,4009.25
126,402332966-5,Tacoma Xtra,6,Toyota,7990.43
127,182791771-7,DB9,1,Aston Martin,2110.52
128,011410497-2,RL,9,Acura,5841.6
129,300880659-7,Th!nk,7,Ford,1156.95
130,251520563-1,Avalon,8,Toyota,4211.55
131,992684795-1,Rio5,1,Kia,9457.12
132,789712007-4,E-Series,7,Ford,5494.05
133,837075840-1,Fit,1,Honda,3479.43
134,909133498-3,Pathfinder,7,Nissan,5253.57
135,277333153-2,PT Cruiser,7,Chrysler,5635.39
136,025725599-0,Villager,3,Mercury,4371.14
137,092051830-3,Spyder,2,Maserati,6308.87
138,020850558-X,LaCrosse,7,Buick,9035.03
139,869904013-X,CL-Class,8,Mercedes-Benz,8917.86
140,019662000-7,Ranger,7,Ford,8149.04
141,624166814-5,Element,6,Honda,1651.35
142,528326504-8,F150,9,Ford,5998.85
143,661345755-8,Q,8,Infiniti,4959.31
144,339913887-3,Dynasty,9,Dodge,4689.94
145,838140882-2,Taurus,9,Ford,6657.08
146,631115105-7,S-Type,9,Jaguar,9222.6
147,503588167-9,Exige,7,Lotus,7605.35
148,079995367-9,Crossfire Roadster,6,Chrysler,7145.6
149,149126941-3,Silverado 3500,1,Chevrolet,1017.68
150,295929046-1,Grand Voyager,6,Plymouth,2542.15
151,571674604-7,Bonneville,2,Pontiac,7642.11
152,648513992-3,Spider,6,Alfa Romeo,1200.16
153,416897906-7,Cavalier,5,Chevrolet,7991.68
154,984136565-0,911,6,Porsche,5893.05
155,263481412-7,928,6,Porsche,4242.44
156,031393503-3,Grand Prix,4,Pontiac,4042.16
157,462675345-0,Brat,5,Subaru,7688.35
158,234125043-2,Outlander Sport,6,Mitsubishi,4379.55
159,991028146-5,Blazer,1,Chevrolet,2264.44
160,276185619-8,Montana,3,Pontiac,4767.88
161,369696385-2,RAV4,9,Toyota,3746.44
162,611746732-X,600,9,BMW,7704.37
163,338829197-7,G8,1,Pontiac,5944.02
164,197498942-9,Metro,6,Chevrolet,4578.66
165,800979127-X,Canyon,4,GMC,7570.29
166,206286572-4,760,4,BMW,4762.9
167,469862726-5,F430,9,Ferrari,8898.0
168,527465203-4,Challenger,5,Mitsubishi,5596.42
169,703963341-8,Firebird,7,Pontiac,5539.48
170,822908709-1,Explorer Sport,7,Ford,5912.57
171,215177246-2,Corolla,2,Toyota,5267.0
172,559512464-4,IS-F,5,Lexus,7107.9
173,246874909-X,Firefly,4,Pontiac,8866.65
174,191042252-5,Ranger,6,Ford,6024.23
175,746836478-8,Charger,1,Dodge,2408.14
176,407313893-6,Previa,9,Toyota,1695.51
177,201129844-X,Safari,1,Pontiac,6489.57
178,409245326-4,X5,9,BMW,7468.95
179,610703893-0,RAV4,5,Toyota,7951.55
180,978568457-1,Suburban 2500,7,Chevrolet,7166.56
181,725254376-5,LeSabre,5,Buick,2187.23
182,590296708-2,Jetta,8,Volkswagen,3766.4
183,545602004-1,XK Series,2,Jaguar,8869.81
184,634053882-7,Riviera,8,Buick,9796.74
185,374365236-6,Tracker,7,Geo,8676.17
186,840443872-2,Probe,2,Ford,4438.54
187,316111415-9,rio,6,Volkswagen,4144.58
188,583684740-1,Colt Vista,6,Plymouth,7139.86
189,051866010-9,Sonata,5,Hyundai,1049.12
190,101511969-7,Equator,3,Suzuki,7998.45
191,923841421-1,IS-F,1,Lexus,4315.3
192,358593968-6,SC,1,Lexus,8253.37
193,808678719-2,Regal,3,Buick,6291.45
194,700938908-X,S6,4,Audi,4016.15
195,633373042-4,LS,1,Lexus,7201.27
196,481613419-0,3 Series,5,BMW,1473.72
197,269687793-9,Eclipse,1,Mitsubishi,7304.76
198,732157358-3,Insight,4,Honda,7354.51
199,286734876-5,Expedition,1,Ford,2308.87
200,199969677-8,Grand Caravan,2,Dodge,7547.95
201,361435177-7,1500 Club Coupe,6,GMC,6816.88
202,370500818-8,DBS,4,Aston Martin,3623.28
203,101849131-7,F-Series,7,Ford,1969.08
204,317148937-6,T100,3,Toyota,4048.55
205,059370540-8,430,9,Maserati,3864.17
206,710845203-0,7 Series,2,BMW,6512.36
207,752873452-7,Miata MX-5,8,Mazda,1373.43
208,497138998-9,Thunderbird,8,Ford,8492.07
209,616125969-9,Corvette,2,Chevrolet,7974.73
210,584831941-3,Camaro,5,Chevrolet,5692.32
211,033579409-2,Bravada,5,Oldsmobile,9073.91
212,130459427-0,Comanche,2,Jeep,6704.72
213,630011449-X,325,1,BMW,3526.87
214,280882294-4,GTO,2,Pontiac,5221.52
215,007271541-3,Sierra 2500,9,GMC,9335.97
216,901001599-8,Express 2500,2,Chevrolet,3885.94
217,183044216-3,Monte Carlo,9,Chevrolet,6629.2
218,050427834-7,Fusion,3,Ford,4162.14
219,143032787-1,SL-Class,7,Mercedes-Benz,1364.86
220,341402090-4,Yukon XL 1500,4,GMC,8292.78
221,525383007-3,Transit Connect,7,Ford,2299.06
222,940616169-9,Passat,2,Volkswagen,1622.69
223,989450462-0,Titan,4,Nissan,2313.21
224,086978924-4,SJ,2,Suzuki,4225.79
225,780879644-1,Galaxie,1,Ford,1009.13
226,627327601-3,Quest,5,Nissan,8900.17
227,103343753-0,F250,6,Ford,1467.46
228,377251443-X,Z3,6,BMW,6732.01
229,959190070-8,Eclipse,1,Mitsubishi,5492.85
230,297377991-X,Beretta,6,Chevrolet,6818.42
231,507933355-3,Firebird,2,Pontiac,4292.38
232,467141407-4,G6,7,Pontiac,8095.78
233,648054369-6,960,3,Volvo,7340.95
234,557271217-5,Regal,8,Buick,3530.43
235,726672621-2,X5,8,BMW,8380.64
236,308518887-8,9-3,1,Saab,5083.17
237,769312611-2,Stratus,9,Dodge,1577.54
238,278854569-X,Forester,1,Subaru,3660.22
239,712128363-8,CLS-Class,4,Mercedes-Benz,4946.81
240,072876547-0,LeBaron,8,Chrysler,8938.68
241,890065267-2,Aventador,9,Lamborghini,3524.96
242,367495424-9,Pajero,3,Mitsubishi,5382.3
243,154910925-1,W201,3,Mercedes-Benz,8548.96
244,168406858-4,Exige,7,Lotus,1175.36
245,063282700-9,Elantra,4,Hyundai,4144.52
246,428334445-1,Crossfire,3,Chrysler,4039.11
247,390891624-0,MINI,7,MINI,4163.76
248,125307852-1,Q,6,Infiniti,3272.58
249,916436964-1,Sierra 1500,2,GMC,4152.01
250,882626028-1,Pathfinder,8,Nissan,8327.88
251,898296315-4,300SD,3,Mercedes-Benz,6905.12
252,059410281-2,Xterra,4,Nissan,7509.01
253,063649809-3,Rio,6,Kia,2879.63
254,484360709-6,Spyder,8,Maserati,2495.56
255,821621416-2,MPV,2,Mazda,1004.99
256,594017458-2,SLK-Class,5,Mercedes-Benz,7248.76
257,198427713-8,C-Class,5,Mercedes-Benz,3932.61
258,707823320-4,Chariot,9,Mitsubishi,1494.57
259,235390564-1,B-Series,5,Mazda,1469.9
260,054706169-2,Tundra,8,Toyota,5677.85
261,126606666-7,Loyale,9,Subaru,1941.63
262,057189970-6,Trooper,5,Isuzu,9500.6
263,403339066-9,XJ Series,6,Jaguar,7678.86
264,410167527-9,S-Series,9,Saturn,1043.54
265,414677204-4,4000CS Quattro,4,Audi,5850.53
266,581427847-1,SVX,4,Subaru,4886.18
267,044397723-2,Accent,7,Hyundai,8398.07
268,704347858-8,Sable,3,Mercury,8279.68
269,229883146-7,Civic,1,Honda,9287.47
270,380218635-4,6 Series,2,BMW,5401.23
271,677257422-2,Grand Prix,7,Pontiac,8659.15
272,214132292-8,Corvette,3,Chevrolet,3779.97
273,148787905-9,Amigo,6,Isuzu,7632.42
274,656772758-6,Range Rover,2,Land Rover,2574.66
275,503410381-8,Civic,4,Honda,7699.02
276,257162778-3,Jetta,6,Volkswagen,3492.76
277,406102585-6,Pilot,8,Honda,5187.28
278,718202959-6,Avanti,6,Studebaker,7345.78
279,329342782-0,Regal,8,Buick,8371.77
280,609729931-1,Canyon,9,GMC,6700.33
281,192801134-9,5 Series,9,BMW,1779.0
282,524379062-1,Silverado,6,Chevrolet,4826.87
283,924570624-9,C-Class,9,Mercedes-Benz,7101.41
284,373236762-2,Fleetwood,9,Cadillac,3964.56
285,914958625-4,Accent,2,Hyundai,1113.69
286,214673785-9,Genesis,1,Hyundai,9776.93
287,659436606-8,Diablo,4,Lamborghini,7041.77
288,573561559-9,XLR,1,Cadillac,4445.28
289,055167069-X,Suburban 2500,7,Chevrolet,7399.0
290,029123665-0,80,4,Audi,4617.0
291,331896593-6,SJ 410,4,Suzuki,4675.02
292,137618025-1,GTO,2,Pontiac,4389.6
293,696249534-X,960,4,Volvo,4893.76
294,097341163-5,Silverado 3500,5,Chevrolet,2934.44
295,681475647-1,Civic,2,Honda,5294.4
296,567062479-3,Savana 2500,1,GMC,5337.01
297,270591656-3,Grand Prix,8,Pontiac,3505.59
298,160576407-8,Justy,3,Subaru,8186.48
299,207059068-2,626,3,Mazda,6480.38
300,110121558-5,Continental Mark VII,4,Lincoln,4816.0
301,656641804-0,Quattro,9,Audi,8166.89
302,247802613-9,Vanagon,6,Volkswagen,4532.54
303,060397930-0,Mustang,9,Ford,8073.2
304,466306477-9,Impreza,2,Subaru,2698.79
305,635331642-9,Vibe,3,Pontiac,9819.3
306,109573334-6,Vitara,1,Suzuki,3821.6
307,390469680-7,900,6,Saab,6892.38
308,072900286-1,3500,7,GMC,4366.9
309,442179132-6,Escalade,3,Cadillac,8349.15
310,966762508-7,XG350,8,Hyundai,3212.25
311,719998705-6,Sierra 3500,5,GMC,8084.56
312,063427165-2,Avalon,6,Toyota,8964.25
313,132977119-2,Firefly,3,Pontiac,6698.45
314,100812693-4,Civic,7,Honda,8417.55
315,494117202-7,Civic,5,Honda,2152.58
316,586780441-0,S80,6,Volvo,1408.35
317,927676673-1,Voyager,4,Plymouth,3601.99
318,338084556-6,LS,2,Lexus,9915.19
319,156227634-4,Caravan,1,Dodge,6549.58
320,536134385-4,Arnage,6,Bentley,5747.93
321,943797362-8,GL-Class,2,Mercedes-Benz,2664.8
322,316526433-3,Colorado,8,Chevrolet,9811.62
323,827640863-X,Continental Flying Spur,8,Bentley,1859.63
324,320106049-6,Passat,9,Volkswagen,7612.41
325,981277411-4,Tiburon,1,Hyundai,9302.1
326,360346653-5,Space,7,Mitsubishi,8457.55
327,506210535-8,Sportvan G20,3,Chevrolet,2763.07
328,471230648-3,XLR-V,2,Cadillac,2859.61
329,679878844-0,FX,9,Infiniti,1942.96
330,713456419-3,Yaris,3,Toyota,4795.58
331,149499626-X,80/90,7,Audi,7255.45
332,607197689-8,3 Series,8,BMW,3068.68
333,202602027-2,RS 6,3,Audi,9816.12
334,511311431-6,Thunderbird,5,Ford,3249.46
335,922041144-X,Tacoma Xtra,3,Toyota,4403.88
336,349137418-9,Classic,3,Chevrolet,4135.07
337,712238433-0,Bel Air,6,Chevrolet,6463.72
338,657561548-1,G37,4,Infiniti,6932.38
339,414307897-X,Roadmaster,7,Buick,5966.87
340,586676582-9,Ram Van 1500,3,Dodge,9388.54
341,241264057-2,LR3,3,Land Rover,1015.96
342,745392397-2,S70,2,Volvo,8995.08
343,967069047-1,MDX,3,Acura,5192.12
344,909408879-7,Tahoe,3,Chevrolet,3120.34
345,189977221-9,Contour,2,Ford,1151.98
346,016160601-6,525,5,BMW,7826.47
347,581096019-7,Laser,7,Plymouth,3714.23
348,595487514-6,G37,8,Infiniti,7316.16
349,209797163-6,M-Class,9,Mercedes-Benz,7846.81
350,947674960-1,Grand Marquis,9,Mercury,4508.57
351,364140958-6,Durango,1,Dodge,5406.18
352,733815597-6,Supra,8,Toyota,7344.81
353,131283024-7,Baja,9,Subaru,7708.61
354,442499494-5,Crossfire Roadster,4,Chrysler,1690.7
355,919028617-0,Sundance,8,Plymouth,7557.71
356,485494126-X,LS Hybrid,7,Lexus,1658.32
357,875744409-9,V50,6,Volvo,3605.23
358,489805675-X,Galant,8,Mitsubishi,7148.65
359,794295321-1,Carens,8,Kia,9845.39
360,517527171-7,Ranger,3,Ford,1478.38
361,611271065-X,Mustang,5,Ford,7908.96
362,190090278-8,Viper,5,Dodge,9027.1
363,353989509-4,GTI,2,Volkswagen,7085.25
364,978325182-1,I,9,Infiniti,6890.87
365,328446270-8,Blazer,4,Chevrolet,7918.89
366,739428136-1,CLS-Class,5,Mercedes-Benz,9210.58
367,953575256-1,Camry,6,Toyota,2005.32
368,117954038-7,Cougar,5,Mercury,7095.11
369,543693087-5,QX,5,Infiniti,5739.73
370,957829397-6,Rainier,3,Buick,4135.66
371,235097731-5,XLR,4,Cadillac,3856.95
372,531152912-1,Thunderbird,3,Ford,9970.86
373,695722667-0,Tundra,2,Toyota,6522.83
374,895858189-1,CTS,3,Cadillac,8291.36
375,510037635-X,Cabriolet,6,Volkswagen,7610.5
376,949822469-2,Explorer,3,Ford,7106.09
377,580431836-5,RSX,6,Acura,4102.61
378,546301855-3,S90,9,Volvo,2594.09
379,661915136-1,Range Rover,2,Land Rover,9280.08
380,232878906-4,C-Class,9,Mercedes-Benz,6525.75
381,017675043-6,Sportage,3,Kia,9490.22
382,178442159-6,DeVille,5,Cadillac,4008.41
383,014293723-1,Wrangler,7,Jeep,9857.26
384,339673820-9,CX-7,3,Mazda,1163.42
385,836678035-X,Viper,4,Dodge,2172.84
386,413702533-9,E-Class,6,Mercedes-Benz,9032.37
387,124450067-4,Mariner,9,Mercury,3662.6
388,387215671-3,MR2,7,Toyota,1845.25
389,358708445-9,Range Rover,5,Land Rover,7860.61
390,981959819-2,Cabriolet,4,Audi,4166.66
391,780728499-4,Grand Prix,6,Pontiac,6506.91
392,396188310-6,XJ,8,Jaguar,4092.55
393,632337173-1,CX-9,6,Mazda,3701.37
394,711530983-3,Sebring,1,Chrysler,7377.3
395,913020544-1,Freestyle,1,Ford,7122.43
396,079550832-8,Jimmy,5,GMC,1837.52
397,879759651-5,900,6,Saab,5539.62
398,068301046-8,Caravan,1,Dodge,9689.42
399,488075079-4,Grand Prix,1,Pontiac,3146.12
400,333238750-2,Xterra,5,Nissan,7028.72
401,772361689-9,LR4,9,Land Rover,8686.94
402,954498835-1,QX,7,Infiniti,1145.73
403,939934601-3,XJ,2,Jaguar,6271.59
404,636605081-3,Tempo,4,Ford,9118.16
405,844308571-1,V8 Vantage,6,Aston Martin,6205.84
406,450756701-7,LS Hybrid,6,Lexus,2720.25
407,100733326-X,QX,3,Infiniti,4160.51
408,808787566-4,Volt,4,Chevrolet,2677.01
409,298979909-5,Flex,9,Ford,5952.12
410,390449273-X,F150,5,Ford,9309.36
411,001055995-7,Legend,1,Acura,3598.09
412,745177107-5,Forte,6,Kia,2238.6
413,389726032-8,Town & Country,7,Chrysler,2834.35
414,263404317-1,RS 6,2,Audi,5972.43
415,880035406-8,Samurai,5,Suzuki,4713.84
416,559831111-9,C-Class,3,Mercedes-Benz,1350.75
417,418039930-X,Sonoma Club Coupe,5,GMC,7238.67
418,558412401-X,Aurora,5,Oldsmobile,5453.06
419,755232146-6,Santa Fe,7,Hyundai,4655.81
420,181339830-5,Seville,2,Cadillac,2807.47
421,611185360-0,MX-5,7,Mazda,2438.79
422,852708771-5,Explorer Sport Trac,7,Ford,7915.28
423,514541153-7,Yukon,1,GMC,6537.85
424,945543215-3,Clubman,1,MINI,8385.18
425,721522774-X,626,6,Mazda,1942.58
426,688269257-2,Integra,1,Acura,7808.53
427,657452794-5,Ram Wagon B250,1,Dodge,8829.49
428,133858496-0,Nitro,2,Dodge,7051.06
429,711845027-8,Cooper Countryman,5,MINI,2043.17
430,666753406-2,GT,9,Ford,5798.99
431,634167379-5,Viper,1,Dodge,7726.65
432,999185635-8,Milan,3,Mercury,8303.87
433,726038038-1,Diamante,1,Mitsubishi,2345.84
434,233539022-8,Torrent,9,Pontiac,8556.84
435,699990057-4,300SL,7,Mercedes-Benz,1912.99
436,584769417-2,Ram Wagon B150,2,Dodge,1222.84
437,351151842-3,C-Class,5,Mercedes-Benz,8625.6
438,874161295-7,Envoy,4,GMC,1980.78
439,368538184-9,Topaz,3,Mercury,7689.09
440,460603029-1,F250,8,Ford,1665.84
441,141595568-9,Tacoma Xtra,3,Toyota,4975.11
442,233368233-7,Avenger,7,Dodge,8491.32
443,248259417-0,Montero,2,Mitsubishi,8362.89
444,003303431-1,Silverado 2500,4,Chevrolet,3825.49
445,057019897-6,Bonneville,6,Pontiac,6741.7
446,898582413-9,530,6,BMW,4505.04
447,418331074-1,Mazda5,8,Mazda,3844.02
448,851596275-6,SLR McLaren,1,Mercedes-Benz,5523.08
449,416681420-6,9-5,2,Saab,9986.48
450,896932986-2,RS 4,4,Audi,4810.92
451,400440249-2,Prelude,9,Honda,1273.88
452,312176345-8,SJ,1,Suzuki,3402.78
453,322025417-9,Firebird Formula,2,Pontiac,5999.73
454,653555410-4,Venture,3,Chevrolet,3644.78
455,736187148-8,MPV,6,Mazda,6598.39
456,996123600-9,Altima,7,Nissan,1622.68
457,593847660-7,GTI,6,Volkswagen,7839.79
458,366387886-4,rio,1,Volkswagen,7103.37
459,852612832-9,Ram 1500 Club,8,Dodge,3618.45
460,192623145-7,LR3,5,Land Rover,5704.86
461,090947009-X,Cooper,1,MINI,6632.82
462,502933039-9,Fusion,1,Ford,4829.23
463,484620002-7,S4,7,Audi,8239.31
464,995148035-7,Passport,6,Honda,4264.67
465,599299841-1,Boxster,6,Porsche,6737.4
466,897377273-2,Sonata,5,Hyundai,4840.13
467,308298857-1,Brat,5,Subaru,3024.07
468,954644965-2,900,1,Saab,7295.24
469,186935490-7,E-Class,2,Mercedes-Benz,9481.37
470,849013425-1,Continental Super,2,Bentley,3848.11
471,232297447-1,EXP,7,Ford,5889.03
472,065741316-X,370Z,6,Nissan,7141.09
473,713548963-2,Grand Prix,6,Pontiac,8032.38
474,208305651-5,Crown Victoria,4,Ford,7529.76
475,740867381-4,Cordia,1,Mitsubishi,9331.39
476,246071492-0,Starion,7,Mitsubishi,3508.51
477,106203104-0,Avalon,1,Toyota,2829.57
478,017773418-3,Swift,8,Suzuki,2942.9
479,821452144-0,Clubman,4,MINI,5219.52
480,603001493-5,Maxima,2,Nissan,1850.26
481,706768990-2,Sebring,7,Chrysler,9365.27
482,115769935-9,I,9,Infiniti,2406.85
483,856972244-3,GS,8,Lexus,9637.27
484,112294244-3,Grand Am,2,Pontiac,5197.84
485,307170818-1,S-Class,3,Mercedes-Benz,2582.29
486,752239166-0,3 Series,1,BMW,9935.79
487,772853927-2,Grand Cherokee,3,Jeep,9767.43
488,804147929-4,5 Series,1,BMW,2801.74
489,973728524-7,228,1,Maserati,6092.86
490,295118433-6,Seville,3,Cadillac,6844.63
491,366125850-8,Allroad,1,Audi,7024.17
492,589013718-2,Sonoma,7,GMC,3047.2
493,776706292-9,Grand Marquis,8,Mercury,7485.2
494,625530305-5,Cougar,3,Mercury,4126.86
495,428482202-0,Firefly,9,Pontiac,1236.61
496,019456207-7,Mustang,4,Ford,4292.75
497,733846974-1,Cougar,8,Mercury,7143.81
498,385717089-1,GTO,9,Mitsubishi,9027.05
499,523930716-4,Sierra,2,GMC,6708.66
500,014595744-6,Aurora,9,Oldsmobile,4239.05
501,225381151-3,Sable,6,Mercury,9212.71
502,106873147-8,Prizm,7,Geo,1333.4
503,670855786-X,Econoline E150,8,Ford,9998.67
504,983384656-4,Range Rover,8,Land Rover,6964.81
505,452282525-0,Fleetwood,1,Cadillac,1664.2
506,965677454-X,Swift,8,Suzuki,7600.53
507,161412602-X,Yaris,5,Toyota,3071.11
508,368627299-7,Silverado 1500,3,Chevrolet,9820.52
509,061526444-1,RX-8,9,Mazda,7122.32
510,411945268-9,Highlander,1,Toyota,4981.89
511,636608948-5,300ZX,4,Nissan,3615.86
512,312183434-7,S80,3,Volvo,8798.32
513,377989987-6,Aurora,5,Oldsmobile,6891.17
514,067443583-4,M3,8,BMW,6028.07
515,303570329-9,Tahoe,7,Chevrolet,8073.55
516,611871151-8,GTO,9,Pontiac,2238.87
517,370982115-0,Tempest,8,Pontiac,1483.51
518,442033974-8,Cooper Clubman,3,MINI,5236.94
519,576417449-X,Discovery,1,Land Rover,7062.81
520,060666846-2,Passat,2,Volkswagen,1048.97
521,921477062-X,Xterra,8,Nissan,9658.06
522,239849391-1,Equus,8,Hyundai,1064.43
523,491341761-4,QX,5,Infiniti,9378.38
524,354123457-1,F-Series Super Duty,5,Ford,4706.49
525,947794558-7,Concorde,9,Chrysler,3786.89
526,392093367-2,Ram 3500,4,Dodge,5579.13
527,334127037-X,XT,7,Subaru,3718.19
528,729622618-8,Exige,1,Lotus,3316.16
529,601552529-0,300SD,7,Mercedes-Benz,5955.3
530,802438954-1,RX,1,Lexus,3647.03
531,928390746-9,S6,8,Audi,5819.24
532,856592861-6,LS Hybrid,5,Lexus,7996.47
533,210440654-4,Bonneville,4,Pontiac,3642.95
534,469553205-0,Quattro,1,Audi,2162.36
535,953303116-6,Echo,2,Toyota,7126.22
536,208156028-3,Raider,9,Mitsubishi,4142.27
537,288606706-7,F-Series,7,Ford,6866.17
538,097030064-6,Navigator,7,Lincoln,8856.63
539,709474919-8,2500,8,Chevrolet,9452.11
540,662454558-5,B2000,1,Mazda,2133.55
541,511958983-9,Insight,1,Honda,9924.76
542,610349616-0,G,7,Infiniti,9769.73
543,258239276-6,F-Series,2,Ford,9626.49
544,283252180-0,Elantra,7,Hyundai,1651.99
545,668959394-0,Mirage,3,Mitsubishi,1380.83
546,882325315-2,IS F,1,Lexus,7863.94
547,738979916-1,Boxster,6,Porsche,9760.49
548,904228198-7,Outlook,4,Saturn,1568.26
549,832617152-2,Sable,8,Mercury,3913.25
550,989049901-0,Tracker,4,Chevrolet,7065.28
551,709084081-6,E350,7,Ford,7826.43
552,857734681-1,Rodeo,8,Isuzu,8897.39
553,842028366-5,CC,1,Volkswagen,1872.1
554,717102985-9,Explorer Sport Trac,1,Ford,1833.62
555,750874154-4,Insight,5,Honda,4239.93
556,960357997-1,Eclipse,4,Mitsubishi,1001.82
557,788344285-6,Elise,8,Lotus,4980.04
558,286105932-X,Silverado,6,Chevrolet,8977.23
559,388524377-6,Safari,1,GMC,5074.27
560,004085642-9,Club Wagon,1,Ford,2699.75
561,648134563-4,Expedition,6,Ford,9637.35
562,148930806-7,S-Type,7,Jaguar,8120.63
563,738194613-0,E-Class,4,Mercedes-Benz,3216.6
564,308775834-5,QX,2,Infiniti,1721.7
565,800765455-0,Endeavor,4,Mitsubishi,8349.35
566,380772726-4,SLX,4,Acura,5961.43
567,667108637-0,Millenia,9,Mazda,6853.05
568,643372780-8,Corvette,1,Chevrolet,7774.42
569,147403358-X,Ciera,9,Oldsmobile,6270.77
570,300975075-7,458 Italia,6,Ferrari,4976.25
571,551099232-8,Safari,9,GMC,6329.63
572,952491564-2,Avalanche 2500,4,Chevrolet,4542.6
573,872834116-3,Fit,5,Honda,2331.46
574,961558219-0,Thunderbird,5,Ford,6938.71
575,347492513-X,Silverado 3500,3,Chevrolet,1936.47
576,744417663-9,CL-Class,9,Mercedes-Benz,6436.5
577,700993076-7,Crown Victoria,7,Ford,2563.84
578,690697022-4,Sportvan G20,5,Chevrolet,3557.17
579,356307699-5,90,4,Audi,9758.33
580,332791121-5,Bonneville,7,Pontiac,3530.88
581,461887425-2,G25,3,Infiniti,2270.88
582,715836781-9,Vandura 3500,2,GMC,7770.96
583,322796197-0,626,5,Mazda,7042.27
584,415177683-4,Miata MX-5,4,Mazda,5828.09
585,403604461-3,9-5,9,Saab,9479.59
586,836888515-9,Festiva,2,Ford,3529.27
587,745225063-X,XL-7,6,Suzuki,7771.12
588,566422555-6,Blazer,5,Chevrolet,1225.53
589,013876355-0,Diablo,6,Lamborghini,1081.96
590,858083228-4,Freelander,2,Land Rover,3581.27
591,625762379-0,Firebird,5,Pontiac,2436.7
592,133413092-2,RL,1,Acura,8630.5
593,322820423-5,XJ Series,6,Jaguar,6019.19
594,414846495-9,S6,7,Audi,8179.1
595,473269799-2,940,3,Volvo,5745.11
596,214241195-9,Express 2500,6,Chevrolet,9610.57
597,664077196-9,Envoy,6,GMC,9499.0
598,730885784-0,Town & Country,6,Chrysler,5313.2
599,733948734-4,Cougar,4,Mercury,6618.6
600,205517632-3,DeVille,1,Cadillac,2736.18
601,476274546-4,GS,8,Lexus,6076.8
602,730560347-3,Thunderbird,8,Ford,9633.41
603,106389862-5,Edge,3,Ford,3108.34
604,560139713-9,Touareg,5,Volkswagen,7362.92
605,812060635-3,Continental GTC,7,Bentley,3957.61
606,486855323-2,Land Cruiser,3,Toyota,8565.45
607,267329663-8,3000GT,8,Mitsubishi,6050.85
608,617557263-7,Z4 M,4,BMW,1991.02
609,755760713-9,911,5,Porsche,9473.49
610,312165816-6,V8 Vantage,7,Aston Martin,8493.81
611,079134113-5,E-Series,8,Ford,7215.71
612,078954819-4,Century,9,Buick,4820.75
613,190328176-8,Prelude,8,Honda,2839.65
614,766866294-4,Cutlass,5,Oldsmobile,1348.17
615,912806718-5,6 Series,2,BMW,1919.65
616,195575699-6,Suburban 1500,4,Chevrolet,9055.71
617,099638489-8,Ram,8,Dodge,8990.39
618,780088263-2,XL7,2,Suzuki,3611.68
619,423415071-1,Lanos,9,Daewoo,2493.1
620,968038211-7,SLR McLaren,7,Mercedes-Benz,5629.87
621,028424445-7,Savana 1500,2,GMC,7397.93
622,985392746-2,3 Series,5,BMW,4421.71
623,982372597-7,Tracer,2,Mercury,5028.86
624,938679714-3,Avenger,9,Dodge,6056.41
625,553407921-5,Yukon,7,GMC,6999.08
626,281529059-6,Sierra 2500,9,GMC,7672.61
627,897732987-6,SLK-Class,4,Mercedes-Benz,1558.96
628,778543543-X,xD,7,Scion,8671.32
629,142750427-X,Sidekick,1,Suzuki,7204.66
630,828293511-5,Mark LT,6,Lincoln,6072.85
631,020433439-X,Eclipse,9,Mitsubishi,5566.79
632,002437717-1,SVX,7,Subaru,2577.32
633,859164446-8,Trans Sport,9,Pontiac,1000.3
634,583099552-2,Wrangler,2,Jeep,6997.81
635,398523749-2,Explorer,4,Ford,9062.75
636,137111543-5,CR-V,1,Honda,9569.46
637,709076893-7,Escalade ESV,7,Cadillac,4780.44
638,610209981-8,Element,5,Honda,8167.51
639,272310016-2,Celica,5,Toyota,1495.07
640,946749399-3,Fury,4,Plymouth,8642.05
641,674763475-6,Gran Sport,7,Maserati,8924.81
642,669065313-7,Altima,3,Nissan,3969.91
643,613500009-8,3 Series,9,BMW,7933.39
644,865820488-X,Mazda5,3,Mazda,6258.63
645,157537160-X,XLR,3,Cadillac,8969.62
646,094901961-5,Rondo,9,Kia,7176.41
647,150165909-X,Econoline E150,3,Ford,6070.71
648,278600711-9,Corsica,7,Chevrolet,7703.26
649,184139512-9,CTS-V,8,Cadillac,7019.74
650,421073104-8,Sebring,4,Chrysler,4084.26
651,672017529-7,Spyder,2,Maserati,5312.26
652,312362716-0,Riviera,4,Buick,1812.0
653,165574186-1,Diablo,7,Lamborghini,8540.53
654,648830725-8,Cougar,8,Mercury,1899.29
655,313851730-7,Ridgeline,7,Honda,4941.59
656,797073322-0,Fortwo,7,Smart,3571.2
657,514349874-0,S6,2,Audi,1561.82
658,123088778-4,Volt,8,Chevrolet,3228.11
659,292263519-8,Mustang,6,Ford,6784.76
660,350431547-4,Tiguan,6,Volkswagen,5861.0
661,193562324-9,Ranger,1,Ford,3214.13
662,084806325-2,Prizm,8,Geo,2751.92
663,043154623-1,FJ Cruiser,1,Toyota,2329.85
664,427143175-3,Boxster,7,Porsche,6349.56
665,462449699-X,Maxima,5,Nissan,1409.8
666,432144782-8,LS,6,Lexus,8318.57
667,725981342-3,Riviera,1,Buick,1744.4
668,180892635-8,Patriot,8,Jeep,4680.48
669,768042106-4,NSX,2,Acura,7447.91
670,126078385-5,G-Class,5,Mercedes-Benz,1437.34
671,495331407-7,5 Series,5,BMW,4272.88
672,636369807-3,Expo,1,Mitsubishi,1656.95
673,536935175-9,RL,3,Acura,3433.65
674,279344576-2,PT Cruiser,6,Chrysler,8862.21
675,661748873-3,S-Class,5,Mercedes-Benz,4833.21
676,097006187-0,Continental GT,5,Bentley,7531.62
677,217930230-4,Intrepid,7,Dodge,2800.94
678,565207996-7,9-3,1,Saab,1959.45
679,149844419-9,Equinox,9,Chevrolet,5839.47
680,248622839-X,Z8,6,BMW,7940.77
681,252449899-9,QX,1,Infiniti,2936.28
682,842118753-8,Sonoma,7,GMC,7489.16
683,970321569-6,Express 3500,5,Chevrolet,5302.6
684,980070475-2,Versa,5,Nissan,9814.96
685,688158715-5,Pajero,1,Mitsubishi,8698.02
686,519150420-8,Voyager,9,Plymouth,7625.3
687,946034550-6,SRX,4,Cadillac,4531.25
688,150775817-0,Azera,4,Hyundai,2913.82
689,137815017-1,Ram 1500,9,Dodge,7976.74
690,339844481-4,Explorer,7,Ford,8787.99
691,896237967-8,B-Series,7,Mazda,8579.85
692,408470806-2,Town Car,4,Lincoln,7366.45
693,336142216-7,9-5,1,Saab,5535.81
694,606602216-4,Jetta,8,Volkswagen,7196.95
695,782397143-7,Silverado,5,Chevrolet,6245.19
696,236203360-0,Versa,2,Nissan,1803.47
697,862269443-7,Passat,9,Volkswagen,8335.12
698,457438744-0,Soul,1,Kia,2672.38
699,776146719-6,Golf,3,Volkswagen,3777.35
700,919200457-1,I,4,Infiniti,8880.51
701,153049268-8,Outback,6,Subaru,8014.06
702,829106613-2,Vibe,7,Pontiac,6047.02
703,348367525-6,Silverado 3500,3,Chevrolet,3181.85
704,996259074-4,Legacy,4,Subaru,1727.31
705,896110293-1,Stealth,2,Dodge,5648.46
706,573289087-4,300SL,2,Mercedes-Benz,4429.67
707,083487107-6,Sierra 3500,5,GMC,2907.15
708,624446969-0,Discovery,2,Land Rover,4028.74
709,861516408-8,Nitro,5,Dodge,1511.95
710,848001516-0,Altima,4,Nissan,3703.29
711,330832929-8,5 Series,1,BMW,4937.75
712,489316971-8,Mazda3,2,Mazda,1142.13
713,340486242-2,GTO,5,Mitsubishi,8319.56
714,574634619-5,Fusion,6,Ford,8892.14
715,837993495-4,Voyager,6,Chrysler,3917.9
716,681840381-6,Z3,6,BMW,3717.76
717,681405164-8,Navigator L,2,Lincoln,5149.54
718,726571833-X,Crosstour,4,Honda,3183.53
719,361834476-7,3 Series,8,BMW,4197.46
720,570806819-1,9000,8,Saab,9293.52
721,530714233-1,Alero,2,Oldsmobile,5574.5
722,848190133-4,Express 3500,7,Chevrolet,6298.84
723,420221853-1,Grand Caravan,1,Dodge,2432.77
724,203902612-6,Silverado 1500,6,Chevrolet,4946.0
725,077293860-1,Fifth Ave,7,Chrysler,7349.53
726,127619901-5,Savana 1500,5,GMC,8846.15
727,143059783-6,Corsica,5,Chevrolet,8855.3
728,417030669-4,V70,3,Volvo,1974.39
729,724035375-3,Cordia,5,Mitsubishi,9333.45
730,436986623-5,300SL,8,Mercedes-Benz,4617.86
731,180870157-7,Suburban 1500,4,Chevrolet,7902.84
732,682553853-5,1500,7,Chevrolet,1085.33
733,915879993-1,3500 Club Coupe,1,GMC,7469.65
734,655905731-3,QX56,4,Infiniti,9045.36
735,731742891-4,4Runner,9,Toyota,2380.79
736,100433406-0,Rally Wagon 1500,7,GMC,4906.63
737,052775748-9,Suburban 2500,1,Chevrolet,9869.55
738,626498038-2,80/90,8,Audi,2566.41
739,377244930-1,612 Scaglietti,6,Ferrari,2131.48
740,375206540-0,DB9,3,Aston Martin,8170.14
741,165582240-3,C8 Spyder,2,Spyker,7536.93
742,041448233-6,Impreza,5,Subaru,5270.56
743,761978531-0,Solara,6,Toyota,7892.44
744,502523628-2,Murciélago LP640,9,Lamborghini,4070.39
745,656644050-X,600,2,BMW,5135.41
746,485712824-1,Avalanche 1500,7,Chevrolet,6020.61
747,041943280-9,Passat,3,Volkswagen,8325.29
748,444605601-8,Grand Prix,9,Pontiac,9010.23
749,302884188-6,Elantra,4,Hyundai,8327.15
750,032317605-4,Quest,6,Nissan,6950.17
751,204498962-X,Civic,2,Honda,2076.49
752,286535800-3,Th!nk,1,Ford,6935.33
753,534443114-7,PT Cruiser,5,Chrysler,7560.15
754,399870353-5,Accent,9,Hyundai,8135.99
755,574782045-1,Shadow,2,Dodge,5401.08
756,738038193-8,Golf,4,Volkswagen,4521.41
757,994024150-X,Montana,3,Pontiac,4686.2
758,611352091-9,RSX,2,Acura,2248.78
759,467474646-9,XK,4,Jaguar,4248.86
760,087328540-9,Cougar,6,Mercury,5506.25
761,203812184-2,Fox,2,Volkswagen,3301.34
762,346961355-9,Jimmy,7,GMC,6673.89
763,299357279-2,Esprit,9,Lotus,4464.57
764,749900584-4,Xtra,9,Toyota,9854.08
765,614994808-0,L-Series,7,Saturn,7514.97
766,317242818-4,Sparrow,6,Corbin,3138.31
767,557067529-9,Corvette,1,Chevrolet,9328.34
768,695285199-2,300SD,4,Mercedes-Benz,8395.72
769,105983584-3,Firefly,4,Pontiac,8661.14
770,094435121-2,Blazer,4,Chevrolet,6469.42
771,892650168-X,Amigo,2,Isuzu,8589.98
772,813572087-4,Yukon XL 1500,9,GMC,4635.23
773,439885337-5,W126,5,Mercedes-Benz,1260.84
774,137456067-7,Vandura G1500,5,GMC,1748.73
775,729548213-X,Taurus,5,Ford,5704.59
776,911934657-3,MDX,5,Acura,9771.23
777,903353149-6,Legacy,3,Subaru,5240.61
778,738848791-3,MDX,5,Acura,8747.8
779,386590279-0,Diamante,4,Mitsubishi,5274.18
780,031864932-2,IS,9,Lexus,8737.54
781,741505345-1,Express,9,Chevrolet,3451.07
782,369217376-8,Nitro,6,Dodge,9929.54
783,641499521-5,Firebird,4,Pontiac,1314.13
784,464963123-8,Spectra,5,Kia,8014.04
785,703323317-5,Pajero,1,Mitsubishi,4554.56
786,262072052-4,Ranger,8,Ford,1250.62
787,932521024-X,TL,3,Acura,4173.84
788,024073154-9,Pathfinder,7,Nissan,7056.8
789,015805098-3,Silverado 1500,4,Chevrolet,5857.71
790,077194308-3,Express 1500,6,Chevrolet,3717.48
791,807958798-1,Suburban 1500,2,Chevrolet,3719.59
792,143629629-3,Grand Marquis,2,Mercury,3379.23
793,773005814-6,8 Series,8,BMW,4753.62
794,084717342-9,Rainier,5,Buick,1375.16
795,190924784-7,Echo,2,Toyota,5259.22
796,374517751-7,DeVille,2,Cadillac,3819.9
797,370164481-0,NSX,6,Acura,9144.27
798,108934302-7,LTD Crown Victoria,2,Ford,2314.32
799,249397642-8,Silhouette,1,Oldsmobile,5384.35
800,697508842-X,E350,5,Ford,8668.42
801,873411512-9,C70,8,Volvo,2408.43
802,389094214-8,9-3,6,Saab,7028.93
803,242833736-X,Grand Voyager,7,Chrysler,9457.97
804,739939147-5,Monte Carlo,6,Chevrolet,4789.73
805,674784776-8,Savana 3500,9,GMC,3263.3
806,824551574-4,G,8,Infiniti,1645.99
807,609099555-X,Yukon XL 1500,4,GMC,9294.26
808,078021775-6,Lumina,3,Chevrolet,3735.76
809,961463461-8,Aries,1,Dodge,4155.59
810,515115542-3,Ram 3500,6,Dodge,2796.95
811,733398871-6,9-3,6,Saab,5369.33
812,160830444-2,Galant,6,Mitsubishi,1565.69
813,553774887-8,J,7,Infiniti,7686.95
814,721672366-X,9-3,2,Saab,4118.34
815,483055560-2,PT Cruiser,3,Chrysler,1139.93
816,646097000-9,Express 2500,4,Chevrolet,6234.76
817,755229090-0,Excel,2,Hyundai,4887.72
818,194683878-0,S4,1,Audi,2857.86
819,158382867-2,Yukon XL 2500,8,GMC,2753.1
820,183132711-2,Stratus,4,Dodge,7085.41
821,793719327-1,LTD Crown Victoria,9,Ford,7429.9
822,239568812-6,Tribeca,5,Subaru,8119.66
823,725569711-9,Pajero,5,Mitsubishi,8704.28
824,629044918-4,Fit,6,Honda,4186.82
825,228771765-X,Ram Van 2500,6,Dodge,9824.81
826,888268005-3,Ciera,6,Oldsmobile,2389.53
827,897673423-8,XL-7,8,Suzuki,6662.39
828,211192800-3,SVX,2,Subaru,9381.82
829,657789848-0,CR-V,6,Honda,1443.81
830,044139366-7,Jimmy,4,GMC,6262.05
831,932912092-X,TSX,4,Acura,7906.24
832,362121071-7,Murano,7,Nissan,6751.62
833,006594016-4,Vibe,8,Pontiac,9657.74
834,768401155-3,Mazda3,3,Mazda,1778.81
835,257601314-7,Swift,2,Suzuki,5617.9
836,205136080-4,Silhouette,2,Oldsmobile,7767.69
837,292336047-8,Envoy XL,8,GMC,2035.32
838,477771094-7,Celica,2,Toyota,5724.05
839,481795935-5,Contour,3,Ford,4337.91
840,147361127-X,Cabriolet,1,Volkswagen,4782.11
841,793233119-6,XK,6,Jaguar,4013.23
842,258540212-6,Reventón,3,Lamborghini,9298.18
843,968854060-9,M3,1,BMW,3410.03
844,135719140-5,MR2,5,Toyota,9000.88
845,442988263-0,Civic,3,Honda,8318.08
846,138034720-3,1000,9,Pontiac,3332.96
847,634552195-7,300,1,Chrysler,3566.64
848,077333524-2,Legacy,5,Subaru,3415.0
849,994916563-6,Mazdaspeed 3,2,Mazda,2410.42
850,464105753-2,NSX,7,Acura,8407.48
851,399394361-9,Sonoma Club,6,GMC,4118.46
852,019644242-7,SX4,5,Suzuki,3453.05
853,334145299-0,Tempo,1,Ford,2069.65
854,447092326-5,SJ,6,Suzuki,5279.57
855,583908694-0,Esteem,2,Suzuki,5672.25
856,072047864-2,Reatta,2,Buick,9427.14
857,354523649-8,Miata MX-5,4,Mazda,8383.41
858,514901072-3,Diamante,8,Mitsubishi,5706.43
859,938281343-8,Flex,3,Ford,7867.31
860,302394163-7,Boxster,9,Porsche,4291.83
861,770358448-7,Navajo,4,Mazda,1005.8
862,533044007-6,B-Series,5,Mazda,8064.13
863,713788797-X,Countach,4,Lamborghini,3260.86
864,677215382-0,Diamante,8,Mitsubishi,4412.77
865,699010754-5,57,9,Maybach,4958.26
866,287642665-X,9-5,8,Saab,5654.89
867,893260386-3,Allroad,1,Audi,3794.61
868,917478530-3,CL-Class,3,Mercedes-Benz,3022.94
869,858969621-9,B-Series,8,Mazda,8223.45
870,871587896-1,Camaro,1,Chevrolet,3708.03
871,168444225-7,Yukon XL 1500,1,GMC,3093.86
872,450771327-7,Vibe,8,Pontiac,4928.79
873,878269437-0,Protege,9,Mazda,3850.61
874,788088082-8,Ranger,1,Ford,4661.78
875,298003177-1,Highlander,6,Toyota,8591.75
876,289208641-8,Z4,1,BMW,5364.19
877,759705673-7,XT,1,Subaru,8514.17
878,494172780-0,S-Series,6,Saturn,1432.06
879,830552122-2,A7,2,Audi,9036.01
880,126619791-5,Cherokee,3,Jeep,4064.98
881,811453732-9,Grand Prix,8,Pontiac,7039.77
882,321910542-4,Odyssey,6,Honda,7693.75
883,860056474-3,Cobalt,8,Chevrolet,4564.8
884,260234089-8,Pilot,7,Honda,3348.52
885,541859078-2,626,4,Mazda,1275.31
886,663366619-5,S6,5,Audi,6157.52
887,174711158-9,Mighty Max,4,Mitsubishi,1247.34
888,715993682-5,9000,3,Saab,9585.08
889,575397037-0,L-Series,9,Saturn,8038.0
890,521315124-8,Range Rover Sport,6,Land Rover,3447.17
891,742945981-1,Z8,4,BMW,3492.53
892,482765683-5,80,5,Audi,4627.13
893,486028157-8,Escalade ESV,9,Cadillac,7597.34
894,344220262-0,F250,6,Ford,4853.55
895,951269031-4,Matrix,2,Toyota,3423.15
896,989998035-8,Ram Van 2500,6,Dodge,1724.18
897,968474336-X,Camry,3,Toyota,1861.84
898,773849710-6,Cirrus,4,Chrysler,6437.6
899,098922579-8,Armada,2,Nissan,8971.1
900,848751744-7,F250,7,Ford,6899.83
901,197446445-8,Jetta III,4,Volkswagen,6164.51
902,713375332-4,Laser,8,Plymouth,5677.25
903,809783346-8,911,6,Porsche,9757.73
904,145815848-9,CL-Class,5,Mercedes-Benz,1691.92
905,279832304-5,Bonneville,5,Pontiac,1156.73
906,557059681-X,Navigator L,8,Lincoln,8772.96
907,300765523-4,Wrangler,9,Jeep,2165.46
908,416301848-4,Metro,1,Geo,3813.23
909,538066668-X,S-Class,2,Mercedes-Benz,9061.6
910,567468512-6,98,7,Oldsmobile,9035.03
911,548546565-X,F250,1,Ford,6032.83
912,353370434-3,Expedition,1,Ford,7658.54
913,499628380-7,Intrigue,3,Oldsmobile,1803.77
914,112797567-6,5 Series,4,BMW,2828.47
915,921049776-7,Protege,5,Mazda,7445.45
916,320508558-2,Azure,8,Bentley,9807.53
917,609731491-4,F350,1,Ford,9120.19
918,613989182-5,Sonoma Club Coupe,4,GMC,6966.35
919,748121607-X,QX,3,Infiniti,2305.69
920,928483611-5,Defender,3,Land Rover,3513.44
921,240429190-4,Sprinter 3500,5,Mercedes-Benz,3911.59
922,359295408-3,E-Class,6,Mercedes-Benz,3242.86
923,612567938-1,Murano,3,Nissan,5607.51
924,457740653-5,164,9,Alfa Romeo,5935.64
925,152478312-9,GTI,4,Volkswagen,6445.21
926,103169990-2,Sidekick,7,Suzuki,7266.77
927,524121708-8,GS,5,Lexus,4247.45
928,785679989-7,240SX,1,Nissan,2089.76
929,885727630-9,Mazda3,9,Mazda,9601.83
930,060858680-3,FX,5,Infiniti,2829.81
931,173392420-5,Accent,4,Hyundai,1157.68
932,843430982-3,Colorado,5,Chevrolet,7071.35
933,104197714-X,SLR McLaren,8,Mercedes-Benz,2295.6
934,163229219-X,Jimmy,2,GMC,9008.34
935,652849159-3,Continental GT,4,Bentley,5475.37
936,733653366-3,500SEL,4,Mercedes-Benz,1215.62
937,407685014-9,Town Car,1,Lincoln,2410.45
938,721614168-7,TSX,8,Acura,1980.27
939,388483301-4,Galant,7,Mitsubishi,1771.87
940,277288748-0,Camaro,3,Chevrolet,7436.02
941,409860371-3,Venture,1,Chevrolet,3012.0
942,445027658-2,Cougar,4,Mercury,8595.19
943,893415438-1,Protege,3,Mazda,4527.1
944,853706668-0,Continental Mark VII,7,Lincoln,3703.81
945,358324421-4,Fusion,9,Ford,5066.82
946,429105926-4,Odyssey,5,Honda,5539.43
947,707557332-2,Sable,9,Mercury,2072.25
948,371043349-5,FX,9,Infiniti,2339.1
949,274840439-4,LeSabre,2,Buick,6851.95
950,514258139-3,Town & Country,4,Chrysler,5345.01
951,060863682-7,Exige,2,Lotus,5937.23
952,914994719-2,Z4 M,6,BMW,2730.37
953,027426064-6,Thunderbird,4,Ford,8080.29
954,438383044-7,NV3500,8,Nissan,8020.4
955,782051158-3,Rondo,7,Kia,2465.23
956,452298309-3,Z4,7,BMW,9465.11
957,224985910-8,Astro,8,Chevrolet,9092.11
958,240987022-8,Ram 1500 Club,6,Dodge,6055.94
959,977786571-6,Sable,6,Mercury,4996.67
960,198247853-5,Q,3,Infiniti,2148.79
961,895407810-9,Maxima,2,Nissan,9739.59
962,092749708-5,Interceptor,6,Jensen,1251.4
963,011143247-2,I,3,Infiniti,1520.68
964,385677400-9,RX-7,2,Mazda,1282.7
965,199821604-7,6000,4,Pontiac,5787.91
966,851275624-1,Sorento,1,Kia,7895.79
967,193071881-0,Diamante,6,Mitsubishi,4024.59
968,946037132-9,Echo,2,Toyota,1524.79
969,788831923-8,S10,8,Chevrolet,1492.43
970,941517301-7,Sierra 1500,3,GMC,6692.68
971,228196737-9,Frontier,5,Nissan,6050.99
972,918671818-5,Pacifica,9,Chrysler,7974.44
973,967025994-0,Stratus,9,Dodge,5120.09
974,500405180-1,Diamante,9,Mitsubishi,7283.71
975,838449827-X,Ram 3500,7,Dodge,2156.01
976,061126697-0,Gallardo,6,Lamborghini,6394.95
977,242171861-9,GTO,9,Pontiac,3505.85
978,684499172-X,Q,2,Infiniti,3912.78
979,096352286-8,9000,1,Saab,2594.88
980,941218059-4,MPV,7,Mazda,5518.72
981,128335606-6,Cabriolet,6,Volkswagen,3575.92
982,160631968-X,VS Commodore,4,Holden,7506.15
983,935394555-0,600SEC,6,Mercedes-Benz,4451.79
984,093434722-0,Grand Voyager,6,Plymouth,1699.59
985,035762747-4,Touareg,5,Volkswagen,5460.95
986,470788227-7,CL-Class,2,Mercedes-Benz,6860.7
987,398453543-0,Tracker,8,Chevrolet,6767.54
988,454635635-8,Sonoma,6,GMC,9317.56
989,152117312-5,LR4,1,Land Rover,9018.69
990,595142309-0,Expedition EL,9,Ford,1809.52
991,136741678-7,Yukon,9,GMC,1502.56
992,660038829-3,Equus,3,Hyundai,2373.98
993,546364514-0,SC,3,Lexus,5593.93
994,862029883-6,Camaro,8,Chevrolet,9834.8
995,564249069-9,Grand Prix,1,Pontiac,4856.5
996,618503700-9,LeSabre,6,Buick,9805.3
997,314133787-X,Interceptor,5,Jensen,7254.95
998,730728734-X,760,1,BMW,4901.84
999,893227607-2,Accord,9,Honda,4164.39
1000,796490709-3,9-2X,4,Saab,2022.55
