id,registrationPlate,model,personCapacity,brand,tankCapacity
1,501389886-2,Cayenne,5,Porsche,451.92
2,747941863-9,F350,6,Ford,265.49
3,623034159-X,Continental,8,Lincoln,58.9
4,837899769-3,57,8,Maybach,154.59
5,450203391-X,Mazda6,3,Mazda,279.67
6,626084393-3,2500,6,GMC,404.97
7,642273246-5,TT,3,Audi,407.89
8,950611575-3,M5,7,BMW,126.82
9,220004036-9,F350,5,Ford,375.09
10,017980196-1,1500,6,Ram,457.85
11,049916877-1,Esprit,5,Lotus,134.26
12,995436302-5,Accent,6,Hyundai,329.77
13,284077555-7,5 Series,4,BMW,107.74
14,859782524-3,SLK-Class,5,Mercedes-Benz,186.94
15,770023894-4,F-Series,5,Ford,328.57
16,706634193-7,Corvette,9,Chevrolet,218.95
17,909325123-6,Precis,7,Mitsubishi,304.72
18,094131414-6,Mirage,3,Mitsubishi,397.9
19,768705774-0,Reliant,7,Plymouth,417.72
20,192087770-3,XC90,9,Volvo,441.31
21,633221155-5,XK Series,2,Jaguar,477.97
22,156764044-3,Grand Marquis,8,Mercury,499.56
23,835723462-3,Elantra,3,Hyundai,55.2
24,379034709-4,Alero,3,Oldsmobile,374.88
25,606311657-5,Sunbird,5,Pontiac,370.32
26,072718369-9,Impreza,9,Subaru,103.41
27,387563829-8,Z4 M,9,BMW,488.18
28,762137219-2,Millenia,2,Mazda,473.69
29,203669457-8,X3,2,BMW,164.27
30,334218884-7,190E,7,Mercedes-Benz,231.16
31,294195585-2,Continental Mark VII,8,Lincoln,461.63
32,492446788-X,Rally Wagon 3500,2,GMC,292.03
33,897144227-1,Thunderbird,5,Ford,86.18
34,269903720-6,Sonata,9,Hyundai,153.65
35,967062580-7,Suburban 2500,3,Chevrolet,316.06
36,401674317-6,Outlook,4,Saturn,428.85
37,265528351-1,Grand Am,9,Pontiac,496.56
38,406923147-1,Silverado 3500,2,Chevrolet,470.18
39,828349812-6,S70,9,Volvo,483.48
40,920447658-3,Tracker,3,Chevrolet,475.45
41,427683315-9,Prius,4,Toyota,372.94
42,154111840-5,Legacy,3,Subaru,271.93
43,813314832-4,Passat,6,Volkswagen,351.72
44,982577816-4,SL-Class,5,Mercedes-Benz,50.96
45,372526961-0,Sunbird,2,Pontiac,223.71
46,736546328-7,Interceptor,5,Jensen,187.96
47,892570842-6,LS,9,Lexus,322.73
48,110832687-0,XC90,5,Volvo,103.83
49,958822718-6,GranTurismo,9,Maserati,444.32
50,185694497-2,Suburban 2500,7,Chevrolet,162.12
51,434185526-3,F150,9,Ford,122.5
52,388784678-8,Dakota,8,Dodge,321.85
53,588960782-0,Escort,4,Ford,300.49
54,741931339-3,Civic,9,Honda,498.42
55,246130144-1,Gallardo,8,Lamborghini,447.96
56,269796640-4,Forester,5,Subaru,470.31
57,550510303-0,Vandura G1500,9,GMC,296.89
58,521771210-4,Park Avenue,4,Buick,392.29
59,046369561-5,QX,9,Infiniti,231.88
60,324011146-2,Capri,5,Mercury,178.01
61,141722245-X,C8,3,Spyker,290.71
62,349789197-5,Impala,5,Chevrolet,115.24
63,106962670-8,CL-Class,9,Mercedes-Benz,342.65
64,261829717-2,Express 2500,7,Chevrolet,470.64
65,783224796-7,SLS-Class,3,Mercedes-Benz,497.92
66,056312561-6,Corvette,4,Chevrolet,65.9
67,922966796-X,Prius,9,Toyota,451.53
68,860348989-0,A8,6,Audi,69.2
69,699234895-7,XC70,2,Volvo,244.23
70,511102983-4,F-Series,8,Ford,454.89
71,591933253-0,Grand Marquis,7,Mercury,273.79
72,194592788-7,300D,6,Mercedes-Benz,178.59
73,732452394-3,Marquis,2,Mercury,242.28
74,770839616-6,S10,2,Chevrolet,229.32
75,110713413-7,C-Class,7,Mercedes-Benz,88.22
76,064239964-6,Gallardo,3,Lamborghini,493.02
77,981228540-7,A5,2,Audi,234.68
78,105115540-1,Classic,3,Chevrolet,439.07
79,255846513-9,914,5,Porsche,257.92
80,439027190-3,M,6,Infiniti,427.26
81,099358588-4,Canyon,4,GMC,173.57
82,942123750-1,SC,2,Lexus,141.51
83,460773011-4,Armada,4,Nissan,438.45
84,274625382-8,Mini Cooper S,7,Austin,171.34
85,161163302-8,2500,7,GMC,214.22
86,380650151-3,Ram Van B350,9,Dodge,380.98
87,537432297-4,S-Series,2,Saturn,67.27
88,086378387-2,GTI,5,Volkswagen,314.65
89,917557297-4,Venture,7,Chevrolet,217.34
90,668414091-3,RAV4,9,Toyota,429.37
91,752347453-5,XG350,3,Hyundai,82.8
92,184778376-7,Pajero,5,Mitsubishi,439.71
93,216366954-8,LeMans,9,Pontiac,412.93
94,909687552-4,Ram 3500,6,Dodge,58.78
95,134215239-5,530,8,BMW,420.81
96,463725052-8,Z4,6,BMW,203.73
97,620663265-2,Impulse,6,Isuzu,340.16
98,435438065-X,Grand Am,4,Pontiac,289.28
99,334714243-8,TL,4,Acura,259.68
100,240790730-2,3500,4,Chevrolet,125.86
101,064386041-X,Grand Marquis,3,Mercury,317.09
102,168502615-X,Monte Carlo,8,Chevrolet,79.5
103,559831172-0,Quest,8,Nissan,430.28
104,391698189-7,Traverse,9,Chevrolet,241.5
105,297037227-4,Sunbird,8,Pontiac,477.62
106,093637377-6,Jetta,9,Volkswagen,70.54
107,417576906-4,Mazda5,2,Mazda,212.87
108,923718198-1,430,5,Maserati,485.62
109,971099837-4,Express 3500,6,Chevrolet,454.96
110,913047944-4,Rally Wagon G3500,9,GMC,226.7
111,978983243-5,Yukon,4,GMC,206.22
112,626468682-4,Swift,8,Suzuki,188.43
113,169496284-9,Accord,8,Honda,330.3
114,971096791-6,7 Series,5,BMW,245.33
115,151519533-3,Cutlass Supreme,3,Oldsmobile,383.18
116,321572771-4,Camaro,2,Chevrolet,407.08
117,973728487-9,A8,6,Audi,185.33
118,797683829-6,Esprit,8,Lotus,178.19
119,331161351-1,GTO,8,Pontiac,440.31
120,736570640-6,ES,6,Lexus,134.87
121,316845697-7,Crown Victoria,8,Ford,470.26
122,420413851-9,C30,9,Volvo,312.6
123,450799547-7,Tracer,9,Mercury,299.84
124,290903533-6,Land Cruiser,7,Toyota,441.75
125,425752935-0,Canyon,7,GMC,281.32
126,537119714-1,Century,6,Buick,376.08
127,761684339-5,XC70,8,Volvo,273.06
128,148972370-6,Explorer,7,Ford,99.4
129,562118032-1,LeSabre,4,Buick,196.0
130,042015103-6,CL,4,Acura,244.62
131,176432720-9,Corvette,6,Chevrolet,360.59
132,484782318-4,C/V,4,Ram,377.09
133,921182680-2,M,2,Infiniti,229.9
134,870283882-6,Elan,4,Lotus,232.53
135,739159841-0,XL-7,9,Suzuki,351.6
136,338818033-4,E-Class,9,Mercedes-Benz,281.38
137,818137649-8,Grand Voyager,2,Plymouth,418.71
138,295025088-2,H2,8,Hummer,386.57
139,311349150-9,Town & Country,3,Chrysler,376.22
140,426001351-3,5 Series,6,BMW,338.83
141,152037386-4,Bronco,8,Ford,120.18
142,158356688-0,Mighty Max,6,Mitsubishi,234.01
143,796649718-6,Vision,9,Eagle,164.66
144,882763624-2,Land Cruiser,3,Toyota,476.42
145,397971155-2,CL,7,Acura,258.46
146,327473239-7,Esprit,7,Lotus,172.55
147,442899532-6,Thunderbird,8,Ford,196.62
148,937072269-6,S5,5,Audi,180.07
149,568930638-X,Esprit,5,Lotus,62.69
150,884092955-X,Escape,7,Ford,198.23
151,665614221-4,riolet,2,Audi,265.13
152,582491650-0,B-Series,2,Mazda,498.99
153,518348825-8,Econoline E350,3,Ford,190.89
154,148336599-9,Mustang,6,Ford,402.91
155,635391343-5,S10,2,Chevrolet,283.91
156,374998553-7,A5,2,Audi,249.24
157,670564431-1,Fiesta,5,Ford,394.49
158,393220811-0,Chariot,9,Mitsubishi,98.02
159,272126374-9,Dakota,5,Dodge,396.01
160,905050762-X,745,4,BMW,259.85
161,640753170-5,Yukon,2,GMC,326.87
162,698141498-8,Acadia,9,GMC,468.74
163,006150654-0,Firebird,5,Pontiac,86.26
164,131515400-5,Firebird,3,Pontiac,341.88
165,662966370-5,Range Rover Sport,5,Land Rover,424.14
166,527637018-4,Maxima,2,Nissan,76.48
167,559227230-8,Panamera,5,Porsche,369.49
168,786901468-0,Mountaineer,5,Mercury,327.05
169,912559839-2,Courier,7,Ford,459.95
170,445088737-9,Yukon XL 1500,3,GMC,219.1
171,232321862-X,Quattroporte,6,Maserati,137.54
172,121903479-7,Continental Super,9,Bentley,61.32
173,075567627-0,Maxima,7,Nissan,59.36
174,390091854-6,Mini,6,Austin,390.39
175,080251809-5,Scoupe,4,Hyundai,339.33
176,370902674-1,tC,3,Scion,239.89
177,603200598-4,Caravan,4,Dodge,100.61
178,597098255-5,Prizm,6,Geo,132.99
179,708898491-1,New Beetle,9,Volkswagen,101.47
180,120415428-7,Altima,3,Nissan,340.37
181,570525834-8,Rodeo Sport,4,Isuzu,419.38
182,525934867-2,Sonata,2,Hyundai,328.47
183,951879128-7,Aveo,8,Chevrolet,74.5
184,215315873-7,Club Wagon,6,Ford,301.08
185,000146794-8,Eclipse,6,Mitsubishi,474.38
186,902955758-3,Suburban 2500,3,Chevrolet,320.26
187,936070739-2,Malibu,4,Chevrolet,149.21
188,440397038-9,Sierra 3500,7,GMC,443.07
189,052234526-3,400E,9,Mercedes-Benz,492.68
190,000103949-0,CTS-V,8,Cadillac,220.79
191,983617802-3,Navigator,8,Lincoln,242.78
192,788283688-5,Mazda5,2,Mazda,258.08
193,314810324-6,H2,8,Hummer,482.78
194,833875634-2,BRZ,4,Subaru,409.42
195,850961553-5,200,8,Audi,194.76
196,040481762-9,Golf,9,Volkswagen,332.58
197,101965651-4,Town Car,4,Lincoln,378.9
198,547664528-4,XF,8,Jaguar,85.05
199,933455769-9,Silverado 1500,6,Chevrolet,282.28
200,040818218-0,RAV4,2,Toyota,59.3
201,478472091-X,Ram 3500,5,Dodge,311.15
202,348936945-9,A4,8,Audi,51.7
203,221900581-X,Escort,9,Ford,447.89
204,774720932-0,RL,8,Acura,478.57
205,997770823-1,Wrangler,8,Jeep,429.93
206,586143418-2,Contour,3,Ford,102.22
207,301329226-1,Econoline E150,9,Ford,287.97
208,405230429-2,T100,2,Toyota,255.29
209,957799446-6,SJ,9,Suzuki,412.86
210,628114068-0,Avalon,3,Toyota,227.72
211,463169314-2,F250,3,Ford,69.74
212,075026166-8,300D,4,Mercedes-Benz,323.44
213,298892176-8,Protege,2,Mazda,143.34
214,230841246-1,Fiesta,3,Ford,395.36
215,576783465-2,Corvette,5,Chevrolet,196.47
216,258804669-X,745,6,BMW,341.13
217,639798037-5,Caprice,2,Chevrolet,415.4
218,228658756-6,Matrix,3,Toyota,156.29
219,931582631-0,100,6,Audi,53.16
220,004894693-1,F150,4,Ford,231.74
221,117490832-7,S-Class,8,Mercedes-Benz,228.96
222,523646750-0,3000GT,7,Mitsubishi,278.57
223,613723766-4,Aerostar,3,Ford,421.61
224,779726018-4,Golf,4,Volkswagen,189.04
225,309923998-4,S-Class,8,Mercedes-Benz,196.17
226,331979927-4,Galant,4,Mitsubishi,258.94
227,676666672-2,Laser,8,Ford,54.09
228,163939422-2,A6,5,Audi,332.96
229,679010548-4,S-Series,2,Saturn,72.65
230,588265632-X,RX Hybrid,9,Lexus,71.02
231,467260311-3,Azure,8,Bentley,141.65
232,050499536-7,MKZ,5,Lincoln,217.15
233,123485948-3,SLK-Class,5,Mercedes-Benz,418.82
234,303831653-9,Malibu,4,Chevrolet,93.96
235,748362885-5,Maxima,2,Nissan,109.57
236,541769367-7,Elantra,4,Hyundai,158.81
237,209044762-1,Miata MX-5,3,Mazda,191.78
238,022254979-3,Sportvan G10,8,Chevrolet,487.23
239,938957502-8,3500 Club Coupe,7,GMC,380.75
240,854778761-5,Scoupe,3,Hyundai,373.51
241,233886011-X,Town & Country,6,Chrysler,256.24
242,667202224-4,Cutlass,7,Oldsmobile,249.96
243,434904480-9,Esteem,3,Suzuki,479.78
244,333931511-6,Achieva,9,Oldsmobile,69.23
245,589011124-8,200,3,Audi,468.02
246,492683072-8,Sportvan G10,9,Chevrolet,344.78
247,390399320-4,Thunderbird,5,Ford,156.31
248,376652012-1,Camaro,9,Chevrolet,81.95
249,151424464-0,XLR,6,Cadillac,67.27
250,081794212-2,Mustang,2,Ford,436.89
251,694667422-7,Continental Flying Spur,8,Bentley,157.07
252,437271306-1,Bonneville,9,Pontiac,356.01
253,538085355-2,Safari,5,GMC,452.07
254,017204845-1,Stealth,5,Dodge,300.47
255,323037254-9,Avalanche,5,Chevrolet,396.51
256,676150421-X,Yukon,3,GMC,57.25
257,595938866-9,944,9,Porsche,352.02
258,625784685-4,Sebring,4,Chrysler,395.31
259,149695845-4,Express 3500,9,Chevrolet,195.28
260,515112769-1,Ram 2500,4,Dodge,363.92
261,021354680-9,XK,2,Jaguar,497.08
262,736750530-0,Chevette,2,Pontiac,476.77
263,491584748-9,Caravan,3,Dodge,164.93
264,495160398-5,Explorer,4,Ford,348.1
265,853528114-2,Malibu,7,Chevrolet,232.11
266,186807819-1,Eclipse,8,Mitsubishi,125.9
267,456361150-6,HHR,6,Chevrolet,161.62
268,091409360-6,Sunfire,8,Pontiac,379.76
269,139472895-6,Sonata,3,Hyundai,106.55
270,772545926-X,MDX,3,Acura,375.41
271,558110369-0,Diamante,4,Mitsubishi,196.78
272,597562592-0,900,9,Saab,396.75
273,075998199-X,Chariot,7,Mitsubishi,481.27
274,880544499-5,Murciélago,7,Lamborghini,256.71
275,403494228-2,Summit,7,Eagle,78.11
276,420295559-5,Sonata,8,Hyundai,182.6
277,541954457-1,Ram 1500,9,Dodge,274.15
278,384106861-8,Sportage,7,Kia,365.58
279,283514134-0,Ranger,4,Ford,96.33
280,499739162-X,EXP,2,Ford,257.51
281,962581354-3,Sable,2,Mercury,169.03
282,617097529-6,XK Series,7,Jaguar,117.27
283,379472611-1,Q5,3,Audi,439.37
284,174097866-8,E-Series,7,Ford,82.97
285,625951753-X,Spirit,8,Dodge,96.73
286,832859443-9,Cordia,4,Mitsubishi,365.35
287,428699878-9,S-Type,8,Jaguar,229.79
288,940335087-3,Continental,2,Lincoln,225.98
289,072093052-9,Outlander,6,Mitsubishi,276.28
290,758625903-8,Sierra 1500,7,GMC,101.11
291,951567277-5,LeMans,5,Pontiac,227.37
292,072144962-X,Sable,6,Mercury,189.44
293,880536576-9,QX56,3,Infiniti,328.5
294,670270726-6,G-Class,6,Mercedes-Benz,395.43
295,575614447-1,GT500,2,Shelby,315.77
296,300816712-8,Civic,3,Honda,304.49
297,780891870-9,S10 Blazer,9,Chevrolet,174.25
298,323066576-7,G-Series G20,2,Chevrolet,330.3
299,094339797-9,Spectra,3,Kia,406.56
300,122788021-9,Ram 1500 Club,6,Dodge,420.85
301,677096424-4,Enclave,9,Buick,361.74
302,611858543-1,S-Class,3,Mercedes-Benz,129.92
303,602124814-7,TL,7,Acura,99.06
304,708192452-2,Outback,5,Subaru,118.7
305,301487821-9,Accent,4,Hyundai,295.65
306,932936895-6,Cobalt,3,Chevrolet,305.22
307,945193875-3,Rodeo,6,Isuzu,348.8
308,058443181-3,Sierra Hybrid,5,GMC,93.92
309,949488213-X,Range Rover,4,Land Rover,96.22
310,480116449-8,Ram Van B350,4,Dodge,357.81
311,709644630-3,Camry,3,Toyota,461.67
312,412262297-2,Jetta,9,Volkswagen,380.85
313,517526996-8,Express 2500,2,Chevrolet,416.01
314,187906049-3,I,9,Infiniti,441.82
315,107626726-2,C-Class,9,Mercedes-Benz,117.62
316,366148354-4,A6,7,Audi,454.93
317,154818767-4,SL-Class,2,Mercedes-Benz,121.15
318,039112396-3,Solara,5,Toyota,417.35
319,451387336-1,Explorer,6,Ford,460.72
320,202534787-1,Savana 3500,8,GMC,125.43
321,465272228-1,Type 2,6,Volkswagen,411.0
322,553033178-5,Eclipse,5,Mitsubishi,184.69
323,782263524-7,XK,8,Jaguar,233.39
324,951226770-5,Integra,8,Acura,203.13
325,454820179-3,Maxima,8,Nissan,409.77
326,344237587-8,Corsica,5,Chevrolet,203.56
327,699335664-3,Previa,2,Toyota,373.53
328,518918735-7,Econoline E150,8,Ford,401.11
329,582883224-7,Caprice,3,Chevrolet,389.87
330,116047548-2,MX-5,7,Mazda,369.44
331,542421027-9,Navigator,9,Lincoln,490.87
332,771871456-X,Achieva,9,Oldsmobile,363.19
333,364350603-1,240,5,Volvo,216.39
334,502678306-6,Venture,4,Chevrolet,219.17
335,843298677-1,Forester,9,Subaru,50.14
336,797956968-7,F-Series,6,Ford,211.08
337,301840204-9,Thunderbird,4,Ford,458.78
338,909601836-2,X5 M,2,BMW,426.79
339,760839581-8,XK,5,Jaguar,307.35
340,160413397-X,7 Series,8,BMW,214.03
341,956242777-3,Thunderbird,4,Ford,439.84
342,251386336-4,Sephia,5,Kia,255.78
343,266033982-1,626,3,Mazda,427.7
344,693394272-4,Mark VIII,6,Lincoln,454.28
345,549828260-5,300,8,Chrysler,187.29
346,174676348-5,Yukon XL 2500,6,GMC,349.72
347,008520370-X,Express 2500,7,Chevrolet,212.36
348,995852131-8,Sonoma,6,GMC,219.07
349,269190693-0,Econoline E350,8,Ford,317.28
350,975974456-2,Milan,5,Mercury,444.19
351,015539520-3,Quattroporte,4,Maserati,205.19
352,600949070-7,Q5,4,Audi,221.72
353,938158241-6,Neon,3,Plymouth,480.95
354,696018107-0,Precis,3,Mitsubishi,262.14
355,597301331-6,Space,2,Mitsubishi,378.08
356,894522313-4,Bonneville,6,Pontiac,355.23
357,293176237-7,Miata MX-5,3,Mazda,155.94
358,134829798-0,R8,3,Audi,450.2
359,072777080-2,3000GT,2,Mitsubishi,293.35
360,714320241-X,Mazda6,3,Mazda,351.11
361,611320391-3,Amigo,2,Isuzu,55.2
362,957292149-5,300SL,6,Mercedes-Benz,219.81
363,703772685-0,Matrix,7,Toyota,203.81
364,950580845-3,Lumina,6,Chevrolet,276.05
365,557654207-X,GX,3,Lexus,282.13
366,578213609-X,Ram 1500 Club,3,Dodge,330.77
367,009267891-2,Corrado,5,Volkswagen,390.59
368,388326428-8,A4,3,Audi,401.06
369,768905392-0,100,5,Audi,293.48
370,322707186-X,Z4 M,2,BMW,407.46
371,655907630-X,D250 Club,2,Dodge,159.7
372,828357373-X,Festiva,9,Ford,83.49
373,470637661-0,Aspen,2,Chrysler,195.72
374,675880663-4,Sportvan G30,2,Chevrolet,165.33
375,661876987-6,Yukon XL 2500,3,GMC,366.36
376,255564696-5,Santa Fe,4,Hyundai,94.77
377,578178322-9,Camry,8,Toyota,215.34
378,153972905-2,Protege5,5,Mazda,478.28
379,427830195-2,LS,3,Lexus,283.86
380,464660653-4,Cayman,8,Porsche,144.29
381,104472004-2,Aspire,4,Ford,435.3
382,977670357-7,Sprinter 3500,5,Mercedes-Benz,447.08
383,774001420-6,MKX,9,Lincoln,133.74
384,565712214-3,Golf,8,Volkswagen,429.78
385,871600560-0,Sierra,5,GMC,185.59
386,046391277-2,V8 Vantage,5,Aston Martin,333.33
387,204177510-6,Express 3500,3,Chevrolet,206.31
388,262168886-1,Baja,7,Subaru,279.6
389,963820606-3,Truck,2,Mitsubishi,251.67
390,873828499-5,Cooper Countryman,3,MINI,481.81
391,535181052-2,Clubman,3,MINI,370.55
392,842313779-1,RAV4,9,Toyota,435.95
393,795845297-7,R32,5,Volkswagen,169.17
394,573113141-4,Prius,6,Toyota,359.44
395,042737309-3,Firefly,7,Pontiac,70.3
396,158844216-0,Equus,3,Hyundai,258.72
397,174913852-2,CL-Class,9,Mercedes-Benz,456.71
398,950497285-3,Forester,9,Subaru,160.15
399,876084790-5,Silverado 2500,5,Chevrolet,241.06
400,134844946-2,2500 Club Coupe,3,GMC,68.53
401,403571743-6,MKZ,2,Lincoln,362.05
402,202741635-8,Montero Sport,8,Mitsubishi,404.56
403,845617987-6,Neon,8,Plymouth,377.89
404,695121658-4,Bonneville,9,Pontiac,72.06
405,497000905-8,98,9,Oldsmobile,78.42
406,279557343-1,Explorer,9,Ford,430.13
407,417000841-3,Navigator,6,Lincoln,268.99
408,628919811-4,LeMans,2,Pontiac,62.71
409,284140527-3,H2,3,Hummer,326.56
410,308892747-7,Envoy XUV,2,GMC,329.19
411,069792863-2,Prowler,5,Chrysler,311.64
412,405988861-3,Murciélago LP640,4,Lamborghini,122.0
413,811426279-6,6 Series,3,BMW,478.88
414,427841308-4,Sportage,4,Kia,203.11
415,540132608-4,B-Series Plus,9,Mazda,380.94
416,739416531-0,Boxster,7,Porsche,337.81
417,938602510-8,S5,9,Audi,244.48
418,899204940-4,C-Class,2,Mercedes-Benz,420.31
419,520793368-X,Mighty Max,7,Mitsubishi,453.51
420,499158974-6,M5,6,BMW,221.48
421,992402893-7,F250,5,Ford,268.96
422,583212850-8,1500 Club Coupe,4,GMC,346.67
423,513837036-7,S8,2,Audi,154.87
424,152862000-3,SL-Class,4,Mercedes-Benz,434.81
425,932619055-2,Silverado 1500,5,Chevrolet,262.06
426,921692172-2,Mentor,7,Kia,51.55
427,479604710-7,Probe,8,Ford,397.03
428,940434399-4,Monte Carlo,8,Chevrolet,82.65
429,523853817-0,C70,3,Volvo,434.97
430,195765479-1,New Yorker,6,Chrysler,417.37
431,178665495-4,Blazer,2,Chevrolet,213.59
432,810414557-6,4Runner,5,Toyota,351.25
433,885379439-9,Riviera,4,Buick,85.56
434,080905662-3,Sunbird,7,Pontiac,73.64
435,272895140-3,SL-Class,9,Mercedes-Benz,61.03
436,736139883-9,Pajero,6,Mitsubishi,338.86
437,725383771-1,Suburban 2500,7,Chevrolet,91.26
438,699657828-0,G,4,Infiniti,222.1
439,318870000-8,Outlander,6,Mitsubishi,208.6
440,609468579-2,Expedition,9,Ford,487.04
441,048567323-1,Regal,5,Buick,55.2
442,837998729-2,Mariner,6,Mercury,84.94
443,999080308-0,Aerostar,3,Ford,415.29
444,530078440-0,Express 2500,3,Chevrolet,491.09
445,851381826-7,Aerostar,4,Ford,333.59
446,907001688-5,GS,3,Lexus,499.86
447,759979192-2,Cavalier,8,Chevrolet,185.08
448,994899897-9,Land Cruiser,3,Toyota,198.41
449,980745095-0,Wrangler,7,Jeep,266.7
450,625379548-1,Continental,9,Lincoln,162.59
451,632904873-8,Cirrus,9,Chrysler,497.88
452,017471452-1,M,6,Infiniti,278.35
453,484477483-2,Town Car,5,Lincoln,326.69
454,873480070-0,Cougar,8,Mercury,334.04
455,709989757-8,Crown Victoria,6,Ford,482.48
456,600917415-5,Explorer,2,Ford,368.63
457,571121973-1,R-Class,7,Mercedes-Benz,316.33
458,158817777-7,Silverado 1500,5,Chevrolet,241.63
459,200220772-0,Daewoo Lacetti,5,Suzuki,364.31
460,571703680-9,Camaro,4,Chevrolet,296.06
461,887664868-2,F450,4,Ford,407.57
462,939666793-5,XK,6,Jaguar,222.53
463,675050468-X,Eldorado,9,Cadillac,387.9
464,966364801-5,Suburban 2500,2,Chevrolet,156.98
465,421215962-7,4Runner,7,Toyota,408.71
466,761863208-1,Bravada,7,Oldsmobile,154.23
467,890796408-4,Continental,7,Bentley,270.14
468,423145476-0,Scoupe,4,Hyundai,238.3
469,256693748-6,Safari,7,GMC,140.67
470,824843850-3,tC,4,Scion,154.55
471,957034525-X,Cooper,9,MINI,422.27
472,610014060-8,Golf,2,Volkswagen,71.33
473,263557954-7,Ram 3500,5,Dodge,413.15
474,460233300-1,Hearse,7,Buick,352.28
475,881437282-9,626,2,Mazda,126.07
476,743501237-8,Envoy,8,GMC,92.94
477,079620835-2,Challenger,8,Dodge,374.98
478,234964313-1,Land Cruiser,3,Toyota,229.02
479,135447941-6,F-Series,4,Ford,189.95
480,830594412-3,Express 3500,7,Chevrolet,253.65
481,008652418-6,C-Class,6,Mercedes-Benz,392.21
482,983328490-6,S80,3,Volvo,434.19
483,125453330-3,1500,2,Chevrolet,420.63
484,171803127-0,Quattroporte,7,Maserati,396.75
485,784025553-1,Corvette,8,Chevrolet,467.12
486,701679258-7,M3,3,BMW,67.84
487,571204105-7,Sequoia,2,Toyota,324.28
488,339473963-1,Eclipse,7,Mitsubishi,213.65
489,349930036-2,B-Series Plus,3,Mazda,490.51
490,988681255-9,Canyon,4,GMC,89.41
491,907624424-3,325,4,BMW,61.76
492,535986807-4,XG300,5,Hyundai,220.99
493,202968111-3,Neon,7,Dodge,197.49
494,853675132-0,GX,7,Lexus,255.18
495,010919032-7,Avalanche,8,Chevrolet,102.49
496,898557603-8,QX,9,Infiniti,305.7
497,317893903-2,GS,9,Lexus,308.32
498,477113054-X,Cutlass Supreme,2,Oldsmobile,498.35
499,745444068-1,Q,7,Infiniti,396.45
500,047998138-8,MX-5,9,Mazda,488.87
501,206191506-X,I,5,Infiniti,364.26
502,051482127-2,B-Series,4,Mazda,427.35
503,687611032-X,S4,2,Audi,125.8
504,135899165-0,Alero,8,Oldsmobile,103.23
505,161217600-3,Titan,8,Nissan,199.37
506,650934324-X,6 Series,9,BMW,130.75
507,436387716-2,Sable,9,Mercury,351.63
508,027433551-4,Defender Ice Edition,8,Land Rover,208.39
509,647054632-3,599 GTB Fiorano,2,Ferrari,190.04
510,071170648-4,Ram Van 3500,7,Dodge,156.9
511,214326291-4,STS-V,4,Cadillac,499.64
512,170255691-3,Grand Prix,8,Pontiac,154.77
513,800500209-2,Sentra,9,Nissan,408.62
514,357546911-3,Galant,6,Mitsubishi,117.34
515,549883756-9,Silverado 1500,5,Chevrolet,154.74
516,784249253-0,Villager,6,Mercury,125.26
517,332120846-6,Grand Caravan,6,Dodge,103.8
518,795424551-9,Mazda3,5,Mazda,52.56
519,735805479-2,Land Cruiser,2,Toyota,406.25
520,103500432-1,Town Car,6,Lincoln,303.52
521,107667184-5,Colt Vista,7,Plymouth,70.91
522,471766810-3,LR3,9,Land Rover,76.35
523,372096411-6,Ram Van 3500,5,Dodge,473.59
524,343589860-7,Mariner,5,Mercury,405.26
525,235934004-2,MX-5,4,Mazda,308.66
526,808903381-4,Sonata,5,Hyundai,436.0
527,813542766-2,F350,6,Ford,496.81
528,016372425-3,Express 2500,3,Chevrolet,123.11
529,262303335-8,Esprit,5,Lotus,451.75
530,243284055-0,Dakota Club,4,Dodge,373.24
531,145461220-7,Sonoma,8,GMC,367.34
532,633279020-2,Beretta,5,Chevrolet,325.77
533,633840275-1,Bravada,7,Oldsmobile,138.31
534,256141871-5,Lanos,7,Daewoo,300.06
535,687690863-1,Solstice,2,Pontiac,188.7
536,085947743-6,RAV4,8,Toyota,235.2
537,748045635-2,Rio,4,Kia,291.44
538,993696419-5,5 Series,7,BMW,376.63
539,368224098-5,Expedition,4,Ford,112.71
540,739031849-X,Oasis,8,Isuzu,135.06
541,815416955-X,5000CS,5,Audi,324.21
542,444598646-1,Continental,9,Lincoln,136.59
543,124446641-7,Escort,4,Ford,206.9
544,141823024-3,XC70,2,Volvo,209.42
545,145659912-7,Continental GT,4,Bentley,139.32
546,539723343-9,Civic,6,Honda,77.72
547,652101423-4,GLI,3,Volkswagen,442.41
548,661776226-6,TT,4,Audi,106.7
549,166667031-6,F250,3,Ford,434.1
550,593802941-4,Tempo,8,Ford,121.71
551,560053697-6,Elan,3,Lotus,481.32
552,300207584-1,Prizm,3,Chevrolet,490.84
553,545033751-5,GS,7,Lexus,160.55
554,192464720-6,Town & Country,2,Chrysler,369.01
555,556078804-X,A5,2,Audi,335.92
556,636147790-8,911,9,Porsche,278.06
557,326211919-9,Civic,3,Honda,130.54
558,041403523-2,Monte Carlo,4,Chevrolet,72.46
559,424828533-9,Suburban,5,Chevrolet,68.34
560,493018262-X,LaCrosse,3,Buick,141.96
561,376747960-5,CLK-Class,5,Mercedes-Benz,380.09
562,842634561-1,New Beetle,8,Volkswagen,223.59
563,851297107-X,Marquis,9,Mercury,364.15
564,299396192-6,Jetta,2,Volkswagen,273.51
565,031053353-8,458 Italia,5,Ferrari,64.58
566,808518375-7,Avalanche,9,Chevrolet,194.24
567,041581598-3,Silhouette,8,Oldsmobile,224.15
568,121523900-9,LHS,4,Chrysler,339.02
569,357188542-2,CC,2,Volkswagen,291.28
570,633608169-9,Cooper,7,MINI,423.51
571,716250456-6,S5,2,Audi,199.91
572,579598951-7,Century,2,Buick,438.04
573,394104103-7,S4,3,Audi,422.17
574,722468791-X,Countryman,3,MINI,160.49
575,385836953-5,Protege,9,Mazda,109.38
576,153711838-2,Eclipse,3,Mitsubishi,472.01
577,751359554-2,MKZ,3,Lincoln,359.18
578,061760140-2,Z4,4,BMW,95.85
579,644395136-0,1500 Club Coupe,7,GMC,442.08
580,800818595-3,Eclipse,5,Mitsubishi,154.17
581,072692761-9,R8,6,Audi,286.95
582,454118530-X,RX-8,4,Mazda,376.24
583,595132069-0,3000GT,3,Mitsubishi,446.59
584,983463210-X,E150,9,Ford,469.96
585,545326518-3,F-Series,6,Ford,383.42
586,204852641-1,Monte Carlo,9,Chevrolet,99.54
587,882829989-4,Celica,2,Toyota,131.34
588,191650628-3,Cavalier,5,Chevrolet,309.11
589,027933078-2,F-Series,4,Ford,153.75
590,803256805-0,A6,9,Audi,175.81
591,686220364-9,Rodeo Sport,8,Isuzu,287.26
592,180972671-9,Bravada,2,Oldsmobile,216.21
593,990306792-5,V40,7,Volvo,218.54
594,834680582-9,Bonneville,8,Pontiac,81.97
595,586295956-4,Thunderbird,3,Ford,233.5
596,675258251-3,SLK-Class,6,Mercedes-Benz,290.3
597,252772750-6,F250,7,Ford,346.94
598,614240449-2,Cougar,8,Mercury,428.3
599,139808620-7,Roadmaster,9,Buick,369.23
600,764296503-6,Forester,2,Subaru,461.83
601,300261853-5,E-Class,9,Mercedes-Benz,237.02
602,120581375-6,Venture,2,Chevrolet,328.55
603,187743716-6,Camry,3,Toyota,355.25
604,307082785-3,Escort,5,Ford,212.23
605,013053175-8,Acclaim,3,Plymouth,357.6
606,576374974-X,98,4,Oldsmobile,469.94
607,212447563-0,Z4,6,BMW,178.93
608,151800883-6,Freelander,8,Land Rover,428.06
609,570756539-6,TL,7,Acura,94.83
610,648012555-X,Chevette,5,Pontiac,150.99
611,017818989-8,Capri,6,Mercury,329.62
612,207828219-7,Silverado 3500,9,Chevrolet,265.07
613,975620906-2,IS,3,Lexus,269.26
614,742885563-2,LeMans,7,Pontiac,252.77
615,184441607-0,Summit,8,Eagle,418.82
616,954879929-4,Amigo,4,Isuzu,336.98
617,006772092-7,Tiguan,6,Volkswagen,282.26
618,090204515-6,XC90,3,Volvo,268.46
619,459194585-5,Amigo,7,Isuzu,218.92
620,219646917-3,Tundra,3,Toyota,480.68
621,085470071-4,760,6,BMW,407.2
622,172812659-2,Tundra,8,Toyota,166.89
623,031344771-3,Lumina,7,Chevrolet,50.81
624,867116325-3,RS 4,7,Audi,195.53
625,929628571-2,Cabriolet,2,Volkswagen,218.99
626,031054140-9,4Runner,2,Toyota,208.78
627,448516431-4,Corvette,7,Chevrolet,492.44
628,329010091-X,Firebird,8,Pontiac,303.55
629,987582409-7,Grand Am,2,Pontiac,206.84
630,784053047-8,Dakota Club,9,Dodge,58.74
631,426310531-1,Bronco,7,Ford,103.64
632,828352424-0,Reno,8,Suzuki,259.39
633,546471364-6,LX,5,Lexus,76.47
634,303317307-1,Firefly,7,Pontiac,300.83
635,342924358-0,Equator,9,Suzuki,117.75
636,959441620-3,Q,9,Infiniti,494.89
637,163225113-2,rio,2,Volkswagen,149.24
638,719861168-0,Familia,8,Mazda,327.49
639,526827117-2,SX4,8,Suzuki,212.81
640,970905475-9,Continental,8,Bentley,64.97
641,188761613-6,Grand Cherokee,8,Jeep,416.65
642,718497091-8,Passport,3,Honda,202.97
643,850666224-9,RL,2,Acura,447.7
644,549575163-9,SRX,8,Cadillac,456.27
645,954961726-2,S-Type,7,Jaguar,468.87
646,725034954-6,Range Rover,7,Land Rover,160.75
647,759595462-2,Envoy XUV,8,GMC,376.83
648,699012480-6,Outlander Sport,7,Mitsubishi,479.77
649,090438695-3,Explorer,4,Ford,470.03
650,065849040-0,Quantum,7,Volkswagen,388.78
651,621099908-5,9-2X,3,Saab,240.27
652,064314199-5,Tracer,6,Mercury,203.63
653,963756612-0,Golf,6,Volkswagen,290.84
654,742347317-0,LS,4,Lexus,94.65
655,696485473-8,D150,8,Dodge,213.14
656,037261638-0,Tahoe,9,Chevrolet,124.78
657,149476715-5,T100,5,Toyota,138.13
658,057575449-4,Laser,6,Ford,54.49
659,361667655-X,Protege,7,Mazda,106.62
660,954426042-0,Taurus,5,Ford,494.55
661,669283811-8,Suburban 2500,3,Chevrolet,215.26
662,508451349-1,Cherokee,2,Jeep,105.23
663,798580024-7,Topaz,7,Mercury,157.9
664,837361829-5,Sebring,8,Chrysler,312.2
665,559448532-5,F150,4,Ford,118.53
666,107836466-4,Sundance,2,Plymouth,238.83
667,210307989-2,Quest,8,Nissan,335.84
668,666106375-0,Bronco,7,Ford,204.66
669,854799676-1,Astro,2,Chevrolet,192.29
670,736949664-3,Fairlane,6,Ford,124.56
671,041165725-9,S5,2,Audi,268.52
672,406940326-4,Jetta,8,Volkswagen,303.71
673,158363014-7,MX-6,6,Mazda,77.47
674,197384027-8,V70,2,Volvo,261.22
675,217628925-0,Escalade EXT,2,Cadillac,66.8
676,326955718-3,Century,5,Buick,497.53
677,599200129-8,Camry,2,Toyota,286.97
678,895379409-9,3 Series,2,BMW,214.15
679,181949902-2,Millenia,8,Mazda,316.77
680,631611249-1,HHR,8,Chevrolet,152.35
681,069165827-7,Mighty Max,6,Mitsubishi,298.42
682,121340100-3,ES,2,Lexus,429.61
683,415529607-1,Loyale,2,Subaru,156.46
684,589393413-X,Frontier,2,Nissan,112.64
685,642172294-6,S-Series,7,Saturn,423.14
686,346868589-0,Touareg,6,Volkswagen,453.07
687,761283151-1,Grand Am,3,Pontiac,324.13
688,089144979-5,Voyager,6,Chrysler,248.92
689,672481923-7,Type 2,5,Volkswagen,331.19
690,779545220-5,Cabriolet,9,Audi,110.87
691,454077333-X,Corvette,6,Chevrolet,389.63
692,794180759-9,5000CS,2,Audi,239.2
693,092537438-5,Grand Marquis,8,Mercury,339.42
694,537264430-3,Sonata,5,Hyundai,324.44
695,389873903-1,SLK-Class,2,Mercedes-Benz,345.24
696,154873615-5,Passat,4,Volkswagen,465.59
697,390271333-X,Camry,7,Toyota,308.86
698,975625999-X,Probe,3,Ford,69.63
699,595079193-2,CLS-Class,5,Mercedes-Benz,454.9
700,256082251-2,Cutlass Cruiser,4,Oldsmobile,82.18
701,264631977-0,Legacy,6,Subaru,340.61
702,972939652-3,Highlander,5,Toyota,93.63
703,721660878-X,Murciélago,3,Lamborghini,109.04
704,407323740-3,T100,7,Toyota,258.76
705,751350191-2,Passport,5,Honda,209.8
706,450983927-8,Thunderbird,5,Ford,238.91
707,292766278-9,RS4,2,Audi,124.24
708,556042886-8,Cooper,2,MINI,175.05
709,610223135-X,X5 M,3,BMW,493.06
710,750428495-5,911,5,Porsche,218.11
711,558092663-4,Corvette,7,Chevrolet,391.04
712,357062748-9,Sidekick,6,Suzuki,383.97
713,470846549-1,Beetle,3,Volkswagen,55.41
714,922275827-7,Maxima,2,Nissan,293.26
715,407341178-0,Cutlass Supreme,8,Oldsmobile,66.36
716,925029427-1,Charger,3,Dodge,401.33
717,213723333-9,A3,3,Audi,263.51
718,389770756-X,CLK-Class,2,Mercedes-Benz,412.64
719,928968567-0,Discovery,4,Land Rover,433.81
720,417433746-2,Express,8,Chevrolet,179.06
721,686589748-X,Jetta,7,Volkswagen,280.43
722,105263411-7,Rodeo,8,Isuzu,202.77
723,864094664-7,LX,5,Lexus,224.43
724,608242418-2,1500,3,GMC,97.9
725,407246794-4,Aerio,6,Suzuki,446.63
726,760722853-5,Galant,6,Mitsubishi,249.15
727,260325449-9,Reatta,5,Buick,470.01
728,604562146-8,GLC,6,Mazda,434.95
729,989773654-9,Ion,2,Saturn,187.84
730,632014528-5,Corvette,8,Chevrolet,104.69
731,685820106-8,S-Series,8,Saturn,338.28
732,161492332-9,SL-Class,8,Mercedes-Benz,359.52
733,592359324-6,Genesis,7,Hyundai,488.5
734,809997960-5,Town Car,8,Lincoln,69.49
735,738130264-0,Lumina APV,4,Chevrolet,280.25
736,895481024-1,900,8,Saab,149.93
737,134103035-0,Voyager,3,Plymouth,230.66
738,954645259-9,Envoy,2,GMC,219.24
739,008186060-9,H2,4,Hummer,310.1
740,670161908-8,Bronco II,9,Ford,485.29
741,843397292-8,Sierra 2500,5,GMC,148.83
742,830003340-8,Escort,6,Ford,333.17
743,878829192-8,Oasis,2,Isuzu,378.62
744,071445073-1,Quattroporte,5,Maserati,308.66
745,225612135-6,1500,5,GMC,156.74
746,877169272-X,V50,5,Volvo,349.68
747,634212167-2,tC,5,Scion,469.34
748,525115774-6,Familia,9,Mazda,265.68
749,696790441-8,Ram 3500,4,Dodge,313.32
750,954752697-9,CLS-Class,2,Mercedes-Benz,239.37
751,781125931-1,600SL,5,Mercedes-Benz,50.72
752,477751114-6,Jetta,5,Volkswagen,83.87
753,251766978-3,4000,8,Audi,447.38
754,339008701-X,NX,3,Nissan,331.62
755,414793671-7,Montero Sport,9,Mitsubishi,205.23
756,737425000-2,S-Class,6,Mercedes-Benz,89.47
757,282279737-4,Safari,2,GMC,143.61
758,674479291-1,F150,6,Ford,130.82
759,759017169-7,Sedona,8,Kia,493.75
760,889915162-8,Escalade,8,Cadillac,354.92
761,509667333-2,G-Class,4,Mercedes-Benz,199.68
762,965912844-4,Brooklands,4,Bentley,349.47
763,170176338-9,Bonneville,7,Pontiac,142.98
764,039373796-9,X3,4,BMW,437.18
765,467220986-5,G-Series G10,4,Chevrolet,345.45
766,402888747-X,Murciélago,6,Lamborghini,423.1
767,697186532-4,IS,2,Lexus,319.56
768,447141771-1,Turbo Firefly,9,Pontiac,362.83
769,161902749-6,Mazda6,6,Mazda,451.11
770,809175844-8,Veracruz,7,Hyundai,242.52
771,360031961-2,Equinox,9,Chevrolet,415.17
772,562863775-0,Corvette,9,Chevrolet,483.88
773,814811581-8,RL,5,Acura,345.5
774,133894361-8,Solara,2,Toyota,489.68
775,418806598-2,TundraMax,2,Toyota,465.53
776,848191654-4,Tundra,8,Toyota,74.05
777,599264917-4,CTS,8,Cadillac,60.15
778,379864267-2,LX,6,Lexus,410.36
779,145328385-4,Rodeo Sport,8,Isuzu,84.38
780,964747857-7,Impreza,4,Subaru,186.8
781,754562791-1,Thunderbird,3,Ford,422.17
782,035417354-5,Verona,9,Suzuki,480.97
783,342665081-9,E-Class,3,Mercedes-Benz,140.7
784,468747595-7,Discovery,7,Land Rover,485.96
785,141487857-5,Lancer,2,Mitsubishi,383.08
786,999103364-5,XG350,5,Hyundai,72.93
787,451897214-7,228,4,Maserati,411.79
788,476561468-9,Ram Van B150,8,Dodge,272.75
789,853126885-0,Terrain,6,GMC,425.06
790,136686737-8,Mustang,7,Ford,172.03
791,591949544-8,Grand Vitara,6,Suzuki,489.76
792,661026286-1,Pathfinder,8,Nissan,486.69
793,290826179-0,IS-F,5,Lexus,370.2
794,691309322-5,Sky,7,Saturn,155.64
795,797191186-6,Integra,9,Acura,314.2
796,042361798-2,Esprit,9,Lotus,407.6
797,942838523-9,MX-5,5,Mazda,349.26
798,986975946-7,Montero,7,Mitsubishi,246.08
799,929471115-3,Sunbird,4,Pontiac,469.54
800,811847633-2,xA,9,Scion,462.68
801,714065616-9,RS 4,9,Audi,90.62
802,832676969-X,RL,7,Acura,298.03
803,947191170-2,Patriot,6,Jeep,388.49
804,784764952-7,Coachbuilder,8,Buick,487.45
805,549620945-5,626,5,Mazda,184.35
806,924084742-1,Jetta,2,Volkswagen,395.05
807,979268481-6,Town Car,3,Lincoln,134.24
808,422180734-2,Defender,6,Land Rover,314.13
809,656001052-X,Topaz,2,Mercury,401.49
810,612006147-9,Pathfinder,9,Nissan,341.59
811,307500713-7,Bonneville,6,Pontiac,392.08
812,470864814-6,Canyon,3,GMC,347.0
813,806023958-9,Savana 3500,8,GMC,76.6
814,767281970-4,Spyder,3,Maserati,419.12
815,120381162-4,Typ-1,9,Aptera,311.34
816,691650394-7,4Runner,4,Toyota,305.95
817,054117707-9,Probe,9,Ford,129.06
818,297791001-8,M-Class,7,Mercedes-Benz,234.42
819,408810670-9,Sonoma,7,GMC,95.0
820,415526156-1,Expedition EL,4,Ford,402.13
821,779944312-X,Express 1500,7,Chevrolet,82.08
822,269566953-4,3 Series,5,BMW,473.13
823,914184861-6,Pajero,7,Mitsubishi,229.88
824,531376796-8,Seville,3,Cadillac,462.51
825,843264614-8,Aurora,9,Oldsmobile,207.09
826,308021554-0,New Yorker,4,Chrysler,368.84
827,431129180-9,MPV,2,Mazda,203.62
828,163864008-4,Camry Hybrid,5,Toyota,197.13
829,312042522-2,Continental Mark VII,7,Lincoln,453.41
830,411691986-1,Xterra,2,Nissan,414.82
831,385796686-6,LeSabre,4,Buick,408.95
832,860583667-9,Golf III,9,Volkswagen,377.85
833,159002986-0,Camaro,4,Chevrolet,249.21
834,010599775-7,545,4,BMW,296.29
835,741529253-7,A6,3,Audi,410.34
836,813904765-1,Suburban 1500,7,Chevrolet,105.15
837,575891146-1,LS,8,Lexus,85.15
838,568831674-8,Aerostar,7,Ford,145.06
839,619517786-5,Aries,7,Dodge,408.95
840,934199561-2,Mountaineer,5,Mercury,488.14
841,962639970-8,RL,4,Acura,483.28
842,355794605-3,SC,7,Lexus,418.63
843,771611063-2,Express 3500,9,Chevrolet,457.72
844,296360513-7,Freestar,4,Ford,182.06
845,902225977-3,Stylus,7,Isuzu,242.58
846,824257146-5,M-Class,6,Mercedes-Benz,383.37
847,365946569-0,S-Class,7,Mercedes-Benz,475.53
848,009734059-6,Navigator,8,Lincoln,227.01
849,549349939-8,Explorer,4,Ford,252.62
850,688659792-2,Astro,2,Chevrolet,251.03
851,917879229-0,Celica,6,Toyota,471.1
852,850289071-9,Corolla,2,Toyota,386.68
853,649559197-7,3000GT,6,Mitsubishi,63.61
854,268047900-9,E150,9,Ford,406.2
855,432989505-6,Freelander,2,Land Rover,139.8
856,436292103-6,CL,2,Acura,344.82
857,223047033-7,D150 Club,2,Dodge,220.03
858,855317895-1,Outback,9,Subaru,169.55
859,529504041-0,6 Series,6,BMW,308.3
860,873731949-3,S-Series,9,Saturn,225.78
861,133789249-1,M,5,Infiniti,467.85
862,702154044-2,I,2,Infiniti,201.42
863,541869576-2,Tracer,2,Mercury,455.41
864,050789458-8,F150,7,Ford,331.71
865,976840487-6,CC,4,Volkswagen,217.07
866,692527573-0,Aspire,4,Ford,234.52
867,563465488-2,100,4,Audi,188.03
868,630099153-9,E-Class,9,Mercedes-Benz,162.82
869,745247774-X,Viper,7,Dodge,70.0
870,257997120-3,Impreza,2,Subaru,266.7
871,555346180-4,Leone,6,Subaru,499.96
872,006172771-7,Riviera,9,Buick,389.65
873,447703458-X,RAV4,8,Toyota,316.03
874,957276476-4,458 Italia,2,Ferrari,343.58
875,492088073-1,Liberty,2,Jeep,471.42
876,263353918-1,TrailBlazer,3,Chevrolet,391.27
877,946051554-1,Mirage,6,Mitsubishi,211.96
878,259929213-1,SC,4,Lexus,381.16
879,337591448-2,Range Rover,3,Land Rover,320.93
880,250927765-0,Celica,3,Toyota,372.18
881,003262036-5,Town Car,6,Lincoln,340.17
882,500294513-9,Grand Prix,9,Pontiac,421.26
883,831309368-4,Charger,6,Dodge,271.21
884,645066891-1,Trans Sport,9,Pontiac,69.94
885,060135157-6,Continental,2,Lincoln,177.69
886,586336485-8,S4,2,Audi,407.3
887,215350079-6,Samurai,2,Suzuki,322.27
888,015262308-6,Diamante,2,Mitsubishi,317.75
889,448833107-6,RL,3,Acura,192.29
890,182930383-X,Countach,8,Lamborghini,195.98
891,432236399-7,Taurus,5,Ford,400.8
892,281525441-7,DeVille,6,Cadillac,326.98
893,224601696-7,Econoline E250,9,Ford,234.03
894,735385938-5,Miata MX-5,3,Mazda,287.93
895,377553783-X,Cube,5,Nissan,447.92
896,087674449-8,Voyager,9,Plymouth,56.41
897,177245101-0,Avalanche 2500,7,Chevrolet,496.65
898,482419691-4,Miata MX-5,6,Mazda,210.21
899,944223826-4,Justy,4,Subaru,188.89
900,173229259-0,Imperial,4,Chrysler,80.95
901,737459028-8,Ram 3500,3,Dodge,110.1
902,333886970-3,Pajero,2,Mitsubishi,268.01
903,366382841-7,Rodeo,3,Isuzu,78.27
904,754873710-6,Daewoo Lacetti,6,Suzuki,277.1
905,516310880-8,Mountaineer,2,Mercury,279.41
906,193260948-2,Econoline E250,4,Ford,296.91
907,115746670-2,Continental,9,Bentley,422.19
908,844181632-8,Club Wagon,5,Ford,426.14
909,385629367-1,H2,9,Hummer,334.39
910,090941863-2,Cooper,4,MINI,162.01
911,213710564-0,Golf,3,Volkswagen,109.01
912,429520091-3,Savana 2500,6,GMC,161.81
913,202360117-7,A3,9,Audi,238.26
914,958076573-1,Nubira,5,Daewoo,454.49
915,965848392-5,900,5,Saab,462.22
916,886040211-5,Suburban 2500,7,Chevrolet,67.79
917,680914435-8,Jimmy,4,GMC,221.24
918,632632450-5,Continental Flying Spur,2,Bentley,165.6
919,537942655-7,H2,4,Hummer,471.19
920,457543814-6,Sedona,4,Kia,242.65
921,294945969-2,745,2,BMW,224.48
922,266901425-9,Ram 1500,4,Dodge,265.4
923,040259985-3,Montana,4,Pontiac,482.11
924,364724873-8,Savana 2500,9,GMC,284.0
925,501258512-7,Silverado 1500,7,Chevrolet,429.05
926,637035201-2,Forester,6,Subaru,315.78
927,119906876-4,Sedona,4,Kia,493.64
928,150491695-6,Aztek,9,Pontiac,172.84
929,766646710-9,XL-7,5,Suzuki,164.79
930,167787027-3,E-Series,5,Ford,402.14
931,145837442-4,MX-5,8,Mazda,83.3
932,409374441-6,GTI,5,Volkswagen,138.95
933,145749869-3,Cougar,6,Mercury,217.71
934,384524486-0,Aztek,7,Pontiac,465.88
935,188593498-X,Continental GT,8,Bentley,76.44
936,605516359-4,S60,8,Volvo,305.8
937,841190622-1,New Beetle,5,Volkswagen,490.6
938,152690950-2,LS,6,Lexus,253.18
939,679722052-1,Viper,9,Dodge,103.13
940,372914204-6,QX,5,Infiniti,192.3
941,865139591-4,SLX,5,Acura,336.94
942,914274625-6,Avalon,6,Toyota,229.44
943,707098898-2,Cultus,7,Suzuki,365.64
944,041977482-3,Continental,5,Lincoln,206.86
945,045378183-7,CLK-Class,6,Mercedes-Benz,164.3
946,816742556-8,Town & Country,2,Chrysler,486.55
947,692403507-8,RVR,8,Mitsubishi,191.58
948,376481333-4,C-Class,7,Mercedes-Benz,152.07
949,689396662-8,Mountaineer,6,Mercury,212.59
950,385955569-3,VehiCROSS,2,Isuzu,353.83
951,098561595-8,Celica,2,Toyota,140.82
952,702528030-5,Mustang,5,Ford,73.87
953,229324978-6,5 Series,4,BMW,356.22
954,749041112-2,Protege,3,Mazda,257.95
955,572574626-7,Odyssey,6,Honda,253.7
956,256048438-2,Land Cruiser,3,Toyota,352.03
957,709971145-8,XJ Series,9,Jaguar,79.76
958,316848074-6,Passat,9,Volkswagen,364.4
959,175840949-5,Landaulet,4,Maybach,427.69
960,970934315-7,Jetta,3,Volkswagen,311.09
961,309819953-9,C70,6,Volvo,181.53
962,930239542-1,Camaro,4,Chevrolet,350.94
963,208940628-3,Xtra,2,Toyota,230.47
964,051112978-5,929,3,Mazda,487.0
965,888339114-4,A3,4,Audi,273.07
966,402644499-6,ES,2,Lexus,357.27
967,549007910-X,Ram 1500,3,Dodge,184.12
968,500294134-6,Frontier,6,Nissan,483.35
969,387427337-7,TundraMax,8,Toyota,493.09
970,534069464-X,Lanos,5,Daewoo,432.23
971,598472076-0,Legacy,6,Subaru,324.79
972,243427882-5,Cutlass,7,Oldsmobile,370.74
973,866443342-9,Accord,9,Honda,117.27
974,423699878-5,Silverado,5,Chevrolet,457.39
975,275532520-8,2500 Club Coupe,6,GMC,309.74
976,835017093-X,Alero,2,Oldsmobile,371.87
977,733664244-6,Passat,3,Volkswagen,155.37
978,827088467-7,Sequoia,4,Toyota,122.57
979,390018503-4,Five Hundred,6,Ford,290.67
980,825099764-6,599 GTB Fiorano,8,Ferrari,72.67
981,269525509-8,Amanti,3,Kia,92.81
982,289521965-6,Focus,2,Ford,452.73
983,609223439-4,Colt,4,Dodge,155.74
984,892013293-3,Grand Prix,3,Pontiac,62.48
985,007722080-3,Sienna,8,Toyota,245.2
986,490455031-5,LTD Crown Victoria,9,Ford,147.7
987,998292815-5,CL-Class,8,Mercedes-Benz,232.12
988,885762663-6,G35,3,Infiniti,373.12
989,165094784-4,Supra,7,Toyota,180.79
990,505768163-X,Golf,4,Volkswagen,493.35
991,241356604-X,Grand Prix,5,Pontiac,380.56
992,094729494-5,LS,5,Lexus,342.61
993,631039109-7,Raider,7,Mitsubishi,79.09
994,983702215-9,Prelude,2,Honda,312.22
995,444568417-1,Cabriolet,7,Volkswagen,174.73
996,411553203-3,S10,5,Chevrolet,203.71
997,787904309-8,Summit,7,Eagle,292.37
998,236326492-4,Avalanche 2500,2,Chevrolet,372.52
999,571823736-0,Taurus,7,Ford,78.04
1000,972736206-0,Murciélago LP640,5,Lamborghini,381.05
